experiment,split,mechanism,overlap,score_thr,metric,TP,FP,FN,precision,recall,f1
juniperus_seg_by_region_20260831_073029,test,expert_E_region0_solo,50,0.25,S-IoU,634,194,24,76.57004830917874,96.35258358662614,85.32974427994615
juniperus_seg_by_region_20260831_073029,test,expert_E_region0_solo,50,0.3,S-IoU,619,172,32,78.25537294563844,95.08448540706605,85.85298196948682
juniperus_seg_by_region_20260831_073029,test,expert_E_region0_solo,50,0.35,S-IoU,606,144,41,80.80000000000001,93.66306027820711,86.75733715103793
juniperus_seg_by_region_20260831_073029,test,expert_E_region0_solo,50,0.4,S-IoU,596,121,52,83.12412831241282,91.9753086419753,87.32600732600733
juniperus_seg_by_region_20260831_073029,test,expert_E_region0_solo,50,0.45,S-IoU,585,101,62,85.27696793002916,90.41731066460588,87.77194298574645
juniperus_seg_by_region_20260831_073029,test,expert_E_region0_solo,50,0.5,S-IoU,570,85,76,87.02290076335878,88.23529411764706,87.6249039200615
juniperus_seg_by_region_20260831_073029,test,expert_E_region0_solo,50,0.55,S-IoU,554,64,93,89.64401294498381,85.62596599690882,87.58893280632411
juniperus_seg_by_region_20260831_073029,test,expert_E_region0_solo,50,0.6,S-IoU,533,49,121,91.5807560137457,81.49847094801224,86.24595469255662
juniperus_seg_by_region_20260831_073029,test,expert_E_region0_solo,50,0.65,S-IoU,502,38,158,92.96296296296296,76.06060606060606,83.66666666666666
juniperus_seg_by_region_20260831_073029,test,expert_E_region0_solo,50,0.7,S-IoU,463,25,201,94.87704918032787,69.7289156626506,80.38194444444444
juniperus_seg_by_region_20260831_073029,test,expert_E_region0_solo,50,0.75,S-IoU,412,17,257,96.03729603729604,61.58445440956651,75.04553734061929
juniperus_seg_by_region_20260831_073029,test,expert_E_region0_solo,50,0.8,S-IoU,346,12,329,96.64804469273743,51.25925925925926,66.98935140367861
juniperus_seg_by_region_20260831_073029,test,expert_E_region0_solo,50,0.85,S-IoU,248,6,436,97.63779527559055,36.25730994152047,52.87846481876333
juniperus_seg_by_region_20260831_073029,test,expert_E_region0_solo,50,0.9,S-IoU,83,2,606,97.6470588235294,12.046444121915819,21.44702842377261
juniperus_seg_by_region_20260831_073029,test,expert_E_region1_solo,50,0.25,S-IoU,584,114,67,83.66762177650429,89.70814132104454,86.58265381764268
juniperus_seg_by_region_20260831_073029,test,expert_E_region1_solo,50,0.3,S-IoU,571,101,75,84.97023809523809,88.39009287925697,86.6464339908953
juniperus_seg_by_region_20260831_073029,test,expert_E_region1_solo,50,0.35,S-IoU,564,84,79,87.03703703703704,87.71384136858475,87.37412858249418
juniperus_seg_by_region_20260831_073029,test,expert_E_region1_solo,50,0.4,S-IoU,555,70,89,88.8,86.18012422360249,87.47044917257683
juniperus_seg_by_region_20260831_073029,test,expert_E_region1_solo,50,0.45,S-IoU,546,65,96,89.36170212765957,85.04672897196261,87.15083798882681
juniperus_seg_by_region_20260831_073029,test,expert_E_region1_solo,50,0.5,S-IoU,531,57,114,90.3061224489796,82.32558139534883,86.13138686131386
juniperus_seg_by_region_20260831_073029,test,expert_E_region1_solo,50,0.55,S-IoU,520,41,130,92.6916221033868,80.0,85.87943848059454
juniperus_seg_by_region_20260831_073029,test,expert_E_region1_solo,50,0.6,S-IoU,500,29,153,94.5179584120983,76.5696784073507,84.60236886632826
juniperus_seg_by_region_20260831_073029,test,expert_E_region1_solo,50,0.65,S-IoU,475,20,180,95.95959595959596,72.51908396946564,82.6086956521739
juniperus_seg_by_region_20260831_073029,test,expert_E_region1_solo,50,0.7,S-IoU,447,12,208,97.38562091503267,68.24427480916032,80.25134649910234
juniperus_seg_by_region_20260831_073029,test,expert_E_region1_solo,50,0.75,S-IoU,400,10,258,97.5609756097561,60.790273556231,74.90636704119851
juniperus_seg_by_region_20260831_073029,test,expert_E_region1_solo,50,0.8,S-IoU,334,8,330,97.6608187134503,50.30120481927711,66.40159045725646
juniperus_seg_by_region_20260831_073029,test,expert_E_region1_solo,50,0.85,S-IoU,235,4,441,98.32635983263597,34.76331360946745,51.36612021857923
juniperus_seg_by_region_20260831_073029,test,expert_E_region1_solo,50,0.9,S-IoU,103,2,583,98.09523809523809,15.014577259475217,26.042983565107452
juniperus_seg_by_region_20260831_073029,field_work,expert_E_region0_solo,50,0.25,S-IoU,1292,310,379,80.64918851435705,77.31897067624178,78.94897647418271
juniperus_seg_by_region_20260831_073029,field_work,expert_E_region0_solo,50,0.3,S-IoU,1245,269,417,82.23249669749009,74.90974729241877,78.40050377833752
juniperus_seg_by_region_20260831_073029,field_work,expert_E_region0_solo,50,0.35,S-IoU,1187,216,463,84.60441910192445,71.93939393939394,77.75958074025549
juniperus_seg_by_region_20260831_073029,field_work,expert_E_region0_solo,50,0.4,S-IoU,1130,191,508,85.54125662376987,68.98656898656898,76.37715444406894
juniperus_seg_by_region_20260831_073029,field_work,expert_E_region0_solo,50,0.45,S-IoU,1072,166,563,86.59127625201938,65.565749235474,74.62582666202576
juniperus_seg_by_region_20260831_073029,field_work,expert_E_region0_solo,50,0.5,S-IoU,1012,141,627,87.77103209019947,61.74496644295302,72.49283667621776
juniperus_seg_by_region_20260831_073029,field_work,expert_E_region0_solo,50,0.55,S-IoU,935,117,713,88.87832699619771,56.73543689320388,69.25925925925927
juniperus_seg_by_region_20260831_073029,field_work,expert_E_region0_solo,50,0.6,S-IoU,861,94,799,90.15706806282722,51.86746987951807,65.8508604206501
juniperus_seg_by_region_20260831_073029,field_work,expert_E_region0_solo,50,0.65,S-IoU,769,70,915,91.65673420738975,45.665083135391924,60.959175584621484
juniperus_seg_by_region_20260831_073029,field_work,expert_E_region0_solo,50,0.7,S-IoU,685,53,1007,92.81842818428184,40.484633569739955,56.37860082304527
juniperus_seg_by_region_20260831_073029,field_work,expert_E_region0_solo,50,0.75,S-IoU,580,29,1133,95.23809523809523,33.858727378867485,49.9569336778639
juniperus_seg_by_region_20260831_073029,field_work,expert_E_region0_solo,50,0.8,S-IoU,441,17,1294,96.2882096069869,25.417867435158502,40.21887824897401
juniperus_seg_by_region_20260831_073029,field_work,expert_E_region0_solo,50,0.85,S-IoU,292,10,1457,96.68874172185431,16.695254431103486,28.47391516333496
juniperus_seg_by_region_20260831_073029,field_work,expert_E_region0_solo,50,0.9,S-IoU,84,1,1685,98.82352941176471,4.748445449406445,9.06148867313916
juniperus_seg_by_region_20260831_073029,field_work,expert_E_region1_solo,50,0.25,S-IoU,974,122,639,88.86861313868614,60.384376937383756,71.90845330380213
juniperus_seg_by_region_20260831_073029,field_work,expert_E_region1_solo,50,0.3,S-IoU,935,106,669,89.81748318924112,58.29177057356608,70.69943289224952
juniperus_seg_by_region_20260831_073029,field_work,expert_E_region1_solo,50,0.35,S-IoU,892,88,710,91.02040816326532,55.68039950062422,69.09372579395819
juniperus_seg_by_region_20260831_073029,field_work,expert_E_region1_solo,50,0.4,S-IoU,852,77,749,91.71151776103336,53.21673953778888,67.3517786561265
juniperus_seg_by_region_20260831_073029,field_work,expert_E_region1_solo,50,0.45,S-IoU,811,66,794,92.47434435575826,50.52959501557632,65.3505237711523
juniperus_seg_by_region_20260831_073029,field_work,expert_E_region1_solo,50,0.5,S-IoU,768,55,840,93.31713244228432,47.76119402985074,63.18387494858083
juniperus_seg_by_region_20260831_073029,field_work,expert_E_region1_solo,50,0.55,S-IoU,715,47,918,93.83202099737534,43.78444580526638,59.707724425887264
juniperus_seg_by_region_20260831_073029,field_work,expert_E_region1_solo,50,0.6,S-IoU,677,39,961,94.55307262569832,41.330891330891326,57.519116397621076
juniperus_seg_by_region_20260831_073029,field_work,expert_E_region1_solo,50,0.65,S-IoU,623,34,1025,94.82496194824962,37.80339805825243,54.056399132321054
juniperus_seg_by_region_20260831_073029,field_work,expert_E_region1_solo,50,0.7,S-IoU,561,23,1097,96.06164383561644,33.83594692400482,50.04460303300624
juniperus_seg_by_region_20260831_073029,field_work,expert_E_region1_solo,50,0.75,S-IoU,484,18,1183,96.41434262948208,29.034193161367728,44.628861226371605
juniperus_seg_by_region_20260831_073029,field_work,expert_E_region1_solo,50,0.8,S-IoU,375,12,1302,96.89922480620154,22.361359570661897,36.337209302325576
juniperus_seg_by_region_20260831_073029,field_work,expert_E_region1_solo,50,0.85,S-IoU,247,8,1469,96.86274509803921,14.393939393939394,25.063419583967534
juniperus_seg_by_region_20260831_073029,field_work,expert_E_region1_solo,50,0.9,S-IoU,77,6,1673,92.7710843373494,4.3999999999999995,8.40152755046372
