mechanism,split,score_thr,metric,score_min_exportado,TP,FP,FN,precision,recall,f1
btm_forest_ensemble_uniform,field_work,0.01,IoU,0.2500693798065185,1086,330,685,76.69491525423729,61.32128740824393,68.15186695952306
btm_forest_ensemble_uniform,field_work,0.05,IoU,0.2500693798065185,1086,330,685,76.69491525423729,61.32128740824393,68.15186695952306
btm_forest_ensemble_uniform,field_work,0.1,IoU,0.2500693798065185,1086,330,685,76.69491525423729,61.32128740824393,68.15186695952306
btm_forest_ensemble_uniform,field_work,0.15,IoU,0.2500693798065185,1086,330,685,76.69491525423729,61.32128740824393,68.15186695952306
btm_forest_ensemble_uniform,field_work,0.2,IoU,0.2500693798065185,1086,330,685,76.69491525423729,61.32128740824393,68.15186695952306
btm_forest_ensemble_uniform,field_work,0.25,IoU,0.2500693798065185,1086,330,685,76.69491525423729,61.32128740824393,68.15186695952306
btm_forest_ensemble_uniform,field_work,0.3,IoU,0.2500693798065185,1057,273,714,79.47368421052632,59.68379446640317,68.17155756207674
btm_forest_ensemble_uniform,field_work,0.35,IoU,0.2500693798065185,1008,219,763,82.15158924205379,56.91699604743084,67.24482988659106
btm_forest_ensemble_uniform,field_work,0.4,IoU,0.2500693798065185,968,175,803,84.68941382327209,54.6583850931677,66.4378860672615
btm_forest_ensemble_uniform,field_work,0.45,IoU,0.2500693798065185,922,149,849,86.08776844070962,52.06098249576511,64.88388458831808
btm_forest_ensemble_uniform,field_work,0.5,IoU,0.2500693798065185,858,111,913,88.54489164086688,48.4472049689441,62.62773722627738
btm_forest_ensemble_uniform,field_work,0.55,IoU,0.2500693798065185,808,84,963,90.5829596412556,45.62394127611519,60.68343972962823
btm_forest_ensemble_uniform,field_work,0.6,IoU,0.2500693798065185,723,65,1048,91.751269035533,40.82439299830604,56.50644783118406
btm_forest_ensemble_uniform,field_work,0.7,IoU,0.2500693798065185,564,30,1207,94.94949494949496,31.846414455110107,47.6955602536998
btm_forest_ensemble_uniform,field_work,0.8,IoU,0.2500693798065185,340,9,1431,97.42120343839542,19.198193111236588,32.07547169811321
btm_forest_ensemble_uniform,field_work,0.9,IoU,0.2500693798065185,76,0,1695,100.0,4.291360813099943,8.229561451001622
btm_forest_ensemble_uniform,field_work,0.01,S-IoU,0.2500693798065185,1182,234,490,83.47457627118644,70.69377990430623,76.55440414507773
btm_forest_ensemble_uniform,field_work,0.05,S-IoU,0.2500693798065185,1182,234,490,83.47457627118644,70.69377990430623,76.55440414507773
btm_forest_ensemble_uniform,field_work,0.1,S-IoU,0.2500693798065185,1182,234,490,83.47457627118644,70.69377990430623,76.55440414507773
btm_forest_ensemble_uniform,field_work,0.15,S-IoU,0.2500693798065185,1182,234,490,83.47457627118644,70.69377990430623,76.55440414507773
btm_forest_ensemble_uniform,field_work,0.2,S-IoU,0.2500693798065185,1182,234,490,83.47457627118644,70.69377990430623,76.55440414507773
btm_forest_ensemble_uniform,field_work,0.25,S-IoU,0.2500693798065185,1182,234,490,83.47457627118644,70.69377990430623,76.55440414507773
btm_forest_ensemble_uniform,field_work,0.3,S-IoU,0.2500693798065185,1134,196,526,85.26315789473684,68.3132530120482,75.85284280936455
btm_forest_ensemble_uniform,field_work,0.35,S-IoU,0.2500693798065185,1069,158,586,87.12306438467807,64.59214501510574,74.18459403192227
btm_forest_ensemble_uniform,field_work,0.4,S-IoU,0.2500693798065185,1009,134,645,88.27646544181977,61.00362756952842,72.14873078298177
btm_forest_ensemble_uniform,field_work,0.45,S-IoU,0.2500693798065185,957,114,702,89.35574229691878,57.68535262206148,70.10989010989012
btm_forest_ensemble_uniform,field_work,0.5,S-IoU,0.2500693798065185,876,93,786,90.40247678018576,52.707581227436826,66.59064994298745
btm_forest_ensemble_uniform,field_work,0.55,S-IoU,0.2500693798065185,814,78,852,91.25560538116592,48.85954381752701,63.64347146207976
btm_forest_ensemble_uniform,field_work,0.6,S-IoU,0.2500693798065185,721,67,955,91.49746192893402,43.01909307875895,58.52272727272728
btm_forest_ensemble_uniform,field_work,0.7,S-IoU,0.2500693798065185,565,29,1153,95.1178451178451,32.88707799767171,48.87543252595155
btm_forest_ensemble_uniform,field_work,0.8,S-IoU,0.2500693798065185,337,12,1398,96.56160458452722,19.423631123919307,32.341650671785025
btm_forest_ensemble_uniform,field_work,0.9,S-IoU,0.2500693798065185,76,0,1690,100.0,4.303510758776897,8.251900108577633
btm_forest_ensemble_uniform,test,0.01,IoU,0.0100194718688726,665,1271,25,34.34917355371901,96.37681159420288,50.64737242955065
btm_forest_ensemble_uniform,test,0.05,IoU,0.0100194718688726,651,544,39,54.47698744769875,94.34782608695652,69.07161803713528
btm_forest_ensemble_uniform,test,0.1,IoU,0.0100194718688726,637,347,53,64.73577235772358,92.31884057971016,76.10513739545998
btm_forest_ensemble_uniform,test,0.15,IoU,0.0100194718688726,625,247,65,71.67431192660551,90.57971014492752,80.0256081946223
btm_forest_ensemble_uniform,test,0.2,IoU,0.0100194718688726,610,193,80,75.96513075965132,88.40579710144928,81.71466845277963
btm_forest_ensemble_uniform,test,0.25,IoU,0.0100194718688726,601,153,89,79.70822281167109,87.10144927536231,83.2409972299169
btm_forest_ensemble_uniform,test,0.3,IoU,0.0100194718688726,588,123,102,82.70042194092827,85.21739130434783,83.94004282655246
btm_forest_ensemble_uniform,test,0.35,IoU,0.0100194718688726,579,103,111,84.89736070381232,83.91304347826087,84.40233236151606
btm_forest_ensemble_uniform,test,0.4,IoU,0.0100194718688726,561,86,129,86.70788253477589,81.30434782608695,83.91922213911744
btm_forest_ensemble_uniform,test,0.45,IoU,0.0100194718688726,540,67,150,88.96210873146623,78.26086956521739,83.26908249807248
btm_forest_ensemble_uniform,test,0.5,IoU,0.0100194718688726,520,53,170,90.75043630017451,75.36231884057972,82.34362628661917
btm_forest_ensemble_uniform,test,0.55,IoU,0.0100194718688726,498,41,192,92.39332096474952,72.17391304347827,81.04149715215623
btm_forest_ensemble_uniform,test,0.6,IoU,0.0100194718688726,455,30,235,93.81443298969072,65.94202898550725,77.4468085106383
btm_forest_ensemble_uniform,test,0.7,IoU,0.0100194718688726,372,18,318,95.3846153846154,53.91304347826087,68.88888888888889
btm_forest_ensemble_uniform,test,0.8,IoU,0.0100194718688726,267,6,423,97.8021978021978,38.69565217391304,55.45171339563864
btm_forest_ensemble_uniform,test,0.9,IoU,0.0100194718688726,90,2,600,97.82608695652172,13.043478260869565,23.017902813299237
btm_forest_ensemble_uniform,test,0.01,S-IoU,0.0100194718688726,813,1123,4,41.99380165289256,99.51040391676868,59.06284053759534
btm_forest_ensemble_uniform,test,0.05,S-IoU,0.0100194718688726,719,476,13,60.1673640167364,98.224043715847,74.6237675142709
btm_forest_ensemble_uniform,test,0.1,S-IoU,0.0100194718688726,679,305,23,69.0040650406504,96.72364672364672,80.54567022538552
btm_forest_ensemble_uniform,test,0.15,S-IoU,0.0100194718688726,648,224,28,74.31192660550458,95.85798816568048,83.72093023255815
btm_forest_ensemble_uniform,test,0.2,S-IoU,0.0100194718688726,630,173,39,78.4557907845579,94.17040358744396,85.59782608695653
btm_forest_ensemble_uniform,test,0.25,S-IoU,0.0100194718688726,614,140,51,81.43236074270557,92.33082706766918,86.5398167723749
btm_forest_ensemble_uniform,test,0.3,S-IoU,0.0100194718688726,594,117,67,83.54430379746836,89.86384266263238,86.58892128279884
btm_forest_ensemble_uniform,test,0.35,S-IoU,0.0100194718688726,585,97,75,85.77712609970675,88.63636363636364,87.1833084947839
btm_forest_ensemble_uniform,test,0.4,S-IoU,0.0100194718688726,570,77,91,88.09891808346212,86.23298033282904,87.1559633027523
btm_forest_ensemble_uniform,test,0.45,S-IoU,0.0100194718688726,549,58,111,90.44481054365733,83.18181818181817,86.66140489344909
btm_forest_ensemble_uniform,test,0.5,S-IoU,0.0100194718688726,526,47,130,91.7975567190227,80.1829268292683,85.59804719283972
btm_forest_ensemble_uniform,test,0.55,S-IoU,0.0100194718688726,503,36,157,93.32096474953616,76.2121212121212,83.90325271059216
btm_forest_ensemble_uniform,test,0.6,S-IoU,0.0100194718688726,457,28,206,94.22680412371132,68.92911010558069,79.61672473867596
btm_forest_ensemble_uniform,test,0.7,S-IoU,0.0100194718688726,372,18,297,95.3846153846154,55.60538116591929,70.25495750708217
btm_forest_ensemble_uniform,test,0.8,S-IoU,0.0100194718688726,267,6,409,97.8021978021978,39.49704142011834,56.26975763962066
btm_forest_ensemble_uniform,test,0.9,S-IoU,0.0100194718688726,91,1,594,98.91304347826086,13.284671532846716,23.423423423423426
btm_forest_soup,field_work,0.02,IoU,0.0201,802,255,969,75.87511825922422,45.28514963297572,56.718528995756714
btm_forest_soup,field_work,0.05,IoU,0.0201,630,120,1141,84.0,35.573122529644266,49.98016660055533
btm_forest_soup,field_work,0.1,IoU,0.0201,511,59,1260,89.64912280701755,28.85375494071146,43.65655702691158
btm_forest_soup,field_work,0.15,IoU,0.0201,423,38,1348,91.75704989154013,23.88481084133258,37.903225806451616
btm_forest_soup,field_work,0.2,IoU,0.0201,340,25,1431,93.15068493150685,19.198193111236588,31.835205992509362
btm_forest_soup,field_work,0.25,IoU,0.0201,285,21,1486,93.13725490196079,16.092603049124786,27.443428021184396
btm_forest_soup,field_work,0.3,IoU,0.0201,237,9,1534,96.34146341463415,13.382269904009034,23.500247892910263
btm_forest_soup,field_work,0.35,IoU,0.0201,193,5,1578,97.47474747474747,10.897797854319593,19.603859827323515
btm_forest_soup,field_work,0.4,IoU,0.0201,142,4,1629,97.26027397260275,8.018068887634106,14.814814814814817
btm_forest_soup,field_work,0.45,IoU,0.0201,110,1,1661,99.09909909909909,6.211180124223603,11.689691817215728
btm_forest_soup,field_work,0.5,IoU,0.0201,70,0,1701,100.0,3.9525691699604746,7.604562737642586
btm_forest_soup,field_work,0.55,IoU,0.0201,44,0,1727,100.0,2.484472049689441,4.848484848484848
btm_forest_soup,field_work,0.6,IoU,0.0201,21,0,1750,100.0,1.185770750988142,2.34375
btm_forest_soup,field_work,0.7,IoU,0.0201,5,0,1766,100.0,0.282326369282891,0.5630630630630631
btm_forest_soup,field_work,0.8,IoU,0.0201,0,0,1771,0.0,0.0,0.0
btm_forest_soup,field_work,0.9,IoU,0.0201,0,0,1771,0.0,0.0,0.0
btm_forest_soup,field_work,0.02,S-IoU,0.0201,866,191,866,81.92999053926206,50.0,62.101111509501614
btm_forest_soup,field_work,0.05,S-IoU,0.0201,653,97,1070,87.06666666666666,37.899013348810215,52.81035179943389
btm_forest_soup,field_work,0.1,S-IoU,0.0201,519,51,1212,91.05263157894737,29.98266897746967,45.11082138200782
btm_forest_soup,field_work,0.15,S-IoU,0.0201,424,37,1311,91.97396963123644,24.438040345821328,38.61566484517305
btm_forest_soup,field_work,0.2,S-IoU,0.0201,339,26,1402,92.87671232876711,19.471568064330842,32.193732193732195
btm_forest_soup,field_work,0.25,S-IoU,0.0201,288,18,1460,94.11764705882352,16.475972540045767,28.042843232716653
btm_forest_soup,field_work,0.3,S-IoU,0.0201,235,11,1522,95.52845528455285,13.375071143995445,23.464802795806285
btm_forest_soup,field_work,0.35,S-IoU,0.0201,187,11,1571,94.44444444444444,10.637087599544937,19.120654396728018
btm_forest_soup,field_work,0.4,S-IoU,0.0201,138,8,1624,94.52054794520548,7.832009080590238,14.465408805031446
btm_forest_soup,field_work,0.45,S-IoU,0.0201,108,3,1658,97.2972972972973,6.115515288788222,11.507725093233883
btm_forest_soup,field_work,0.5,S-IoU,0.0201,68,2,1698,97.14285714285714,3.8505096262740657,7.407407407407408
btm_forest_soup,field_work,0.55,S-IoU,0.0201,42,2,1726,95.45454545454545,2.3755656108597285,4.635761589403973
btm_forest_soup,field_work,0.6,S-IoU,0.0201,20,1,1749,95.23809523809523,1.1305822498586773,2.2346368715083798
btm_forest_soup,field_work,0.7,S-IoU,0.0201,5,0,1766,100.0,0.282326369282891,0.5630630630630631
btm_forest_soup,field_work,0.8,S-IoU,0.0201,0,0,1771,0.0,0.0,0.0
btm_forest_soup,field_work,0.9,S-IoU,0.0201,0,0,1771,0.0,0.0,0.0
btm_forest_soup,test,0.02,IoU,0.0201,487,168,203,74.35114503816794,70.57971014492753,72.41635687732342
btm_forest_soup,test,0.05,IoU,0.0201,430,82,260,83.984375,62.31884057971014,71.54742096505822
btm_forest_soup,test,0.1,IoU,0.0201,362,46,328,88.72549019607843,52.46376811594203,65.93806921675775
btm_forest_soup,test,0.15,IoU,0.0201,332,30,358,91.71270718232044,48.11594202898551,63.11787072243346
btm_forest_soup,test,0.2,IoU,0.0201,296,17,394,94.56869009584665,42.89855072463768,59.02293120638086
btm_forest_soup,test,0.25,IoU,0.0201,260,10,430,96.29629629629629,37.68115942028986,54.16666666666667
btm_forest_soup,test,0.3,IoU,0.0201,212,3,478,98.6046511627907,30.72463768115942,46.85082872928177
btm_forest_soup,test,0.35,IoU,0.0201,174,1,516,99.42857142857143,25.217391304347824,40.23121387283237
btm_forest_soup,test,0.4,IoU,0.0201,143,0,547,100.0,20.724637681159418,34.333733493397354
btm_forest_soup,test,0.45,IoU,0.0201,99,0,591,100.0,14.347826086956522,25.09505703422053
btm_forest_soup,test,0.5,IoU,0.0201,78,0,612,100.0,11.304347826086957,20.3125
btm_forest_soup,test,0.55,IoU,0.0201,47,0,643,100.0,6.811594202898551,12.754409769335142
btm_forest_soup,test,0.6,IoU,0.0201,30,0,660,100.0,4.3478260869565215,8.333333333333332
btm_forest_soup,test,0.7,IoU,0.0201,2,0,688,100.0,0.2898550724637681,0.5780346820809248
btm_forest_soup,test,0.8,IoU,0.0201,0,0,690,0.0,0.0,0.0
btm_forest_soup,test,0.9,IoU,0.0201,0,0,690,0.0,0.0,0.0
btm_forest_soup,test,0.02,S-IoU,0.0201,502,153,174,76.6412213740458,74.2603550295858,75.4320060105184
btm_forest_soup,test,0.05,S-IoU,0.0201,433,79,235,84.5703125,64.82035928143712,73.38983050847457
btm_forest_soup,test,0.1,S-IoU,0.0201,360,48,310,88.23529411764706,53.73134328358209,66.79035250463822
btm_forest_soup,test,0.15,S-IoU,0.0201,330,32,343,91.16022099447514,49.03417533432392,63.76811594202898
btm_forest_soup,test,0.2,S-IoU,0.0201,293,20,380,93.61022364217251,43.536404160475485,59.43204868154158
btm_forest_soup,test,0.25,S-IoU,0.0201,257,13,419,95.18518518518519,38.01775147928994,54.33403805496828
btm_forest_soup,test,0.3,S-IoU,0.0201,211,4,473,98.13953488372093,30.84795321637427,46.941045606229146
btm_forest_soup,test,0.35,S-IoU,0.0201,173,2,513,98.85714285714286,25.218658892128282,40.185830429732874
btm_forest_soup,test,0.4,S-IoU,0.0201,142,1,546,99.3006993006993,20.63953488372093,34.17569193742479
btm_forest_soup,test,0.45,S-IoU,0.0201,98,1,591,98.98989898989899,14.223512336719885,24.87309644670051
btm_forest_soup,test,0.5,S-IoU,0.0201,77,1,612,98.71794871794873,11.175616835994195,20.078226857887874
btm_forest_soup,test,0.55,S-IoU,0.0201,47,0,643,100.0,6.811594202898551,12.754409769335142
btm_forest_soup,test,0.6,S-IoU,0.0201,30,0,660,100.0,4.3478260869565215,8.333333333333332
btm_forest_soup,test,0.7,S-IoU,0.0201,2,0,688,100.0,0.2898550724637681,0.5780346820809248
btm_forest_soup,test,0.8,S-IoU,0.0201,0,0,690,0.0,0.0,0.0
btm_forest_soup,test,0.9,S-IoU,0.0201,0,0,690,0.0,0.0,0.0
dense_baseline,field_work,0.01,IoU,0.2502502501010895,1207,460,564,72.40551889622076,68.15358554488989,70.2152414194299
dense_baseline,field_work,0.05,IoU,0.2502502501010895,1207,460,564,72.40551889622076,68.15358554488989,70.2152414194299
dense_baseline,field_work,0.1,IoU,0.2502502501010895,1207,460,564,72.40551889622076,68.15358554488989,70.2152414194299
dense_baseline,field_work,0.15,IoU,0.2502502501010895,1207,460,564,72.40551889622076,68.15358554488989,70.2152414194299
dense_baseline,field_work,0.2,IoU,0.2502502501010895,1207,460,564,72.40551889622076,68.15358554488989,70.2152414194299
dense_baseline,field_work,0.25,IoU,0.2502502501010895,1207,460,564,72.40551889622076,68.15358554488989,70.2152414194299
dense_baseline,field_work,0.3,IoU,0.2502502501010895,1148,367,623,75.77557755775578,64.82213438735178,69.87218502738892
dense_baseline,field_work,0.35,IoU,0.2502502501010895,1093,306,678,78.12723373838456,61.71654432523997,68.95899053627761
dense_baseline,field_work,0.4,IoU,0.2502502501010895,1048,234,723,81.74726989079562,59.17560700169396,68.65378316410087
dense_baseline,field_work,0.45,IoU,0.2502502501010895,984,185,787,84.17450812660393,55.56182947487295,66.93877551020407
dense_baseline,field_work,0.5,IoU,0.2502502501010895,921,150,850,85.99439775910365,52.00451722190853,64.81351161154117
dense_baseline,field_work,0.55,IoU,0.2502502501010895,846,112,925,88.30897703549061,47.76962168266516,62.00073286918284
dense_baseline,field_work,0.6,IoU,0.2502502501010895,768,73,1003,91.31985731272296,43.36533032185206,58.80551301684533
dense_baseline,field_work,0.7,IoU,0.2502502501010895,593,31,1178,95.03205128205128,33.48390739695088,49.519832985386216
dense_baseline,field_work,0.8,IoU,0.2502502501010895,380,13,1391,96.69211195928752,21.45680406549972,35.12014787430683
dense_baseline,field_work,0.9,IoU,0.2502502501010895,116,1,1655,99.14529914529916,6.549971767363072,12.28813559322034
dense_baseline,field_work,0.01,S-IoU,0.2502502501010895,1311,356,375,78.64427114577084,77.75800711743773,78.19862809424396
dense_baseline,field_work,0.05,S-IoU,0.2502502501010895,1311,356,375,78.64427114577084,77.75800711743773,78.19862809424396
dense_baseline,field_work,0.1,S-IoU,0.2502502501010895,1311,356,375,78.64427114577084,77.75800711743773,78.19862809424396
dense_baseline,field_work,0.15,S-IoU,0.2502502501010895,1311,356,375,78.64427114577084,77.75800711743773,78.19862809424396
dense_baseline,field_work,0.2,S-IoU,0.2502502501010895,1311,356,375,78.64427114577084,77.75800711743773,78.19862809424396
dense_baseline,field_work,0.25,S-IoU,0.2502502501010895,1311,356,375,78.64427114577084,77.75800711743773,78.19862809424396
dense_baseline,field_work,0.3,S-IoU,0.2502502501010895,1226,289,437,80.92409240924093,73.72218881539386,77.15544367526745
dense_baseline,field_work,0.35,S-IoU,0.2502502501010895,1148,251,502,82.05861329521088,69.57575757575758,75.30337815677271
dense_baseline,field_work,0.4,S-IoU,0.2502502501010895,1086,196,549,84.71138845553821,66.42201834862385,74.46006170723348
dense_baseline,field_work,0.45,S-IoU,0.2502502501010895,1001,168,632,85.62874251497006,61.29822412737293,71.44896502498216
dense_baseline,field_work,0.5,S-IoU,0.2502502501010895,931,140,708,86.9281045751634,56.80292861500915,68.70848708487085
dense_baseline,field_work,0.55,S-IoU,0.2502502501010895,852,106,799,88.93528183716074,51.60508782556027,65.3123802223074
dense_baseline,field_work,0.6,S-IoU,0.2502502501010895,765,76,899,90.96313912009512,45.97355769230769,61.07784431137725
dense_baseline,field_work,0.7,S-IoU,0.2502502501010895,579,45,1131,92.78846153846156,33.85964912280702,49.61439588688946
dense_baseline,field_work,0.8,S-IoU,0.2502502501010895,371,22,1376,94.40203562340967,21.23640526617058,34.67289719626168
dense_baseline,field_work,0.9,S-IoU,0.2502502501010895,115,2,1652,98.29059829059828,6.508205998868139,12.208067940552018
dense_baseline,test,0.01,IoU,0.0010002033086493,671,1952,19,25.58139534883721,97.2463768115942,40.50709326894054
dense_baseline,test,0.05,IoU,0.0010002033086493,656,800,34,45.05494505494506,95.07246376811594,61.136999068033546
dense_baseline,test,0.1,IoU,0.0010002033086493,645,511,45,55.79584775086506,93.47826086956522,69.88082340195015
dense_baseline,test,0.15,IoU,0.0010002033086493,636,390,54,61.98830409356725,92.17391304347828,74.12587412587413
dense_baseline,test,0.2,IoU,0.0010002033086493,629,309,61,67.05756929637526,91.15942028985508,77.27272727272727
dense_baseline,test,0.25,IoU,0.0010002033086493,621,252,69,71.1340206185567,90.0,79.46257197696738
dense_baseline,test,0.3,IoU,0.0010002033086493,611,205,79,74.87745098039215,88.55072463768116,81.14209827357237
dense_baseline,test,0.35,IoU,0.0010002033086493,601,166,89,78.35723598435462,87.10144927536231,82.49828414550447
dense_baseline,test,0.4,IoU,0.0010002033086493,591,134,99,81.51724137931035,85.65217391304348,83.53356890459365
dense_baseline,test,0.45,IoU,0.0010002033086493,572,109,118,83.99412628487518,82.89855072463767,83.44274252370532
dense_baseline,test,0.5,IoU,0.0010002033086493,556,79,134,87.55905511811024,80.57971014492755,83.92452830188681
dense_baseline,test,0.55,IoU,0.0010002033086493,539,56,151,90.58823529411764,78.1159420289855,83.89105058365759
dense_baseline,test,0.6,IoU,0.0010002033086493,504,36,186,93.33333333333331,73.04347826086956,81.95121951219512
dense_baseline,test,0.7,IoU,0.0010002033086493,432,11,258,97.51693002257336,62.60869565217392,76.25772285966461
dense_baseline,test,0.8,IoU,0.0010002033086493,314,5,376,98.43260188087774,45.5072463768116,62.2398414271556
dense_baseline,test,0.9,IoU,0.0010002033086493,149,1,541,99.33333333333331,21.594202898550723,35.476190476190474
dense_baseline,test,0.01,S-IoU,0.0010002033086493,850,1773,3,32.40564239420511,99.64830011723328,48.90678941311853
dense_baseline,test,0.05,S-IoU,0.0010002033086493,740,716,9,50.82417582417583,98.79839786381842,67.12018140589569
dense_baseline,test,0.1,S-IoU,0.0010002033086493,696,460,13,60.207612456747405,98.16643159379409,74.63806970509383
dense_baseline,test,0.15,S-IoU,0.0010002033086493,673,353,21,65.59454191033139,96.97406340057636,78.25581395348837
dense_baseline,test,0.2,S-IoU,0.0010002033086493,658,280,26,70.1492537313433,96.19883040935672,81.13440197287301
dense_baseline,test,0.25,S-IoU,0.0010002033086493,643,230,32,73.6540664375716,95.25925925925924,83.07493540051681
dense_baseline,test,0.3,S-IoU,0.0010002033086493,625,191,40,76.59313725490196,93.98496240601504,84.40243079000675
dense_baseline,test,0.35,S-IoU,0.0010002033086493,607,160,54,79.13950456323337,91.83055975794252,85.0140056022409
dense_baseline,test,0.4,S-IoU,0.0010002033086493,591,134,64,81.51724137931035,90.22900763358778,85.65217391304348
dense_baseline,test,0.45,S-IoU,0.0010002033086493,576,105,80,84.58149779735683,87.8048780487805,86.16305160807778
dense_baseline,test,0.5,S-IoU,0.0010002033086493,558,77,102,87.8740157480315,84.54545454545455,86.1776061776062
dense_baseline,test,0.55,S-IoU,0.0010002033086493,539,56,119,90.58823529411764,81.91489361702128,86.03351955307264
dense_baseline,test,0.6,S-IoU,0.0010002033086493,503,37,154,93.14814814814817,76.56012176560122,84.04344193817877
dense_baseline,test,0.7,S-IoU,0.0010002033086493,424,19,240,95.71106094808128,63.85542168674698,76.60343270099366
dense_baseline,test,0.8,S-IoU,0.0010002033086493,307,12,365,96.23824451410658,45.68452380952381,61.957618567103935
dense_baseline,test,0.9,S-IoU,0.0010002033086493,147,3,540,98.0,21.397379912663755,35.12544802867384
expert_E_large_solo,field_work,0.01,IoU,0.2514644861221313,385,62,1386,86.12975391498881,21.73913043478261,34.71596032461677
expert_E_large_solo,field_work,0.05,IoU,0.2514644861221313,385,62,1386,86.12975391498881,21.73913043478261,34.71596032461677
expert_E_large_solo,field_work,0.1,IoU,0.2514644861221313,385,62,1386,86.12975391498881,21.73913043478261,34.71596032461677
expert_E_large_solo,field_work,0.15,IoU,0.2514644861221313,385,62,1386,86.12975391498881,21.73913043478261,34.71596032461677
expert_E_large_solo,field_work,0.2,IoU,0.2514644861221313,385,62,1386,86.12975391498881,21.73913043478261,34.71596032461677
expert_E_large_solo,field_work,0.25,IoU,0.2514644861221313,385,62,1386,86.12975391498881,21.73913043478261,34.71596032461677
expert_E_large_solo,field_work,0.3,IoU,0.2514644861221313,370,50,1401,88.09523809523809,20.89215132693393,33.77453217708808
expert_E_large_solo,field_work,0.35,IoU,0.2514644861221313,353,42,1418,89.36708860759494,19.932241671372104,32.59464450600185
expert_E_large_solo,field_work,0.4,IoU,0.2514644861221313,338,38,1433,89.8936170212766,19.085262563523436,31.48579413134606
expert_E_large_solo,field_work,0.45,IoU,0.2514644861221313,324,32,1447,91.01123595505618,18.29474872953134,30.46544428772919
expert_E_large_solo,field_work,0.5,IoU,0.2514644861221313,305,24,1466,92.70516717325228,17.221908526256353,29.047619047619044
expert_E_large_solo,field_work,0.55,IoU,0.2514644861221313,290,17,1481,94.46254071661238,16.37492941840768,27.911453320500485
expert_E_large_solo,field_work,0.6,IoU,0.2514644861221313,265,14,1506,94.9820788530466,14.963297571993223,25.85365853658537
expert_E_large_solo,field_work,0.7,IoU,0.2514644861221313,226,8,1545,96.58119658119658,12.761151891586676,22.54364089775561
expert_E_large_solo,field_work,0.8,IoU,0.2514644861221313,162,4,1609,97.59036144578312,9.14737436476567,16.726897263810017
expert_E_large_solo,field_work,0.9,IoU,0.2514644861221313,64,0,1707,100.0,3.613777526821005,6.975476839237056
expert_E_large_solo,field_work,0.01,S-IoU,0.2514644861221313,406,41,1244,90.82774049217002,24.60606060606061,38.72198378636146
expert_E_large_solo,field_work,0.05,S-IoU,0.2514644861221313,406,41,1244,90.82774049217002,24.60606060606061,38.72198378636146
expert_E_large_solo,field_work,0.1,S-IoU,0.2514644861221313,406,41,1244,90.82774049217002,24.60606060606061,38.72198378636146
expert_E_large_solo,field_work,0.15,S-IoU,0.2514644861221313,406,41,1244,90.82774049217002,24.60606060606061,38.72198378636146
expert_E_large_solo,field_work,0.2,S-IoU,0.2514644861221313,406,41,1244,90.82774049217002,24.60606060606061,38.72198378636146
expert_E_large_solo,field_work,0.25,S-IoU,0.2514644861221313,406,41,1244,90.82774049217002,24.60606060606061,38.72198378636146
expert_E_large_solo,field_work,0.3,S-IoU,0.2514644861221313,386,34,1274,91.9047619047619,23.25301204819277,37.11538461538461
expert_E_large_solo,field_work,0.35,S-IoU,0.2514644861221313,369,26,1297,93.41772151898734,22.14885954381753,35.80786026200873
expert_E_large_solo,field_work,0.4,S-IoU,0.2514644861221313,352,24,1322,93.61702127659576,21.02747909199522,34.34146341463414
expert_E_large_solo,field_work,0.45,S-IoU,0.2514644861221313,339,17,1348,95.2247191011236,20.09484291641968,33.186490455212926
expert_E_large_solo,field_work,0.5,S-IoU,0.2514644861221313,314,15,1384,95.44072948328268,18.492343934040047,30.98174642328565
expert_E_large_solo,field_work,0.55,S-IoU,0.2514644861221313,294,13,1411,95.76547231270358,17.24340175953079,29.22465208747515
expert_E_large_solo,field_work,0.6,S-IoU,0.2514644861221313,268,11,1445,96.05734767025088,15.645067133683597,26.907630522088358
expert_E_large_solo,field_work,0.7,S-IoU,0.2514644861221313,228,6,1505,97.43589743589745,13.156376226197343,23.182511438739198
expert_E_large_solo,field_work,0.8,S-IoU,0.2514644861221313,162,4,1579,97.59036144578312,9.304997128087306,16.990036706869425
expert_E_large_solo,field_work,0.9,S-IoU,0.2514644861221313,64,0,1702,100.0,3.6240090600226496,6.994535519125683
expert_E_large_solo,test,0.01,IoU,0.0010040183551609,385,241,305,61.50159744408946,55.79710144927537,58.510638297872354
expert_E_large_solo,test,0.05,IoU,0.0010040183551609,333,125,357,72.70742358078603,48.26086956521739,58.01393728222997
expert_E_large_solo,test,0.1,IoU,0.0010040183551609,314,80,376,79.69543147208121,45.5072463768116,57.93357933579336
expert_E_large_solo,test,0.15,IoU,0.0010040183551609,294,67,396,81.4404432132964,42.60869565217392,55.94671741198859
expert_E_large_solo,test,0.2,IoU,0.0010040183551609,277,60,413,82.19584569732937,40.14492753623188,53.94352482960079
expert_E_large_solo,test,0.25,IoU,0.0010040183551609,265,46,425,85.20900321543408,38.40579710144928,52.94705294705294
expert_E_large_solo,test,0.3,IoU,0.0010040183551609,254,37,436,87.2852233676976,36.81159420289856,51.783893985728845
expert_E_large_solo,test,0.35,IoU,0.0010040183551609,248,32,442,88.57142857142857,35.94202898550725,51.1340206185567
expert_E_large_solo,test,0.4,IoU,0.0010040183551609,238,31,452,88.47583643122677,34.492753623188406,49.63503649635037
expert_E_large_solo,test,0.45,IoU,0.0010040183551609,229,25,461,90.15748031496062,33.18840579710145,48.51694915254237
expert_E_large_solo,test,0.5,IoU,0.0010040183551609,217,23,473,90.41666666666669,31.44927536231884,46.66666666666666
expert_E_large_solo,test,0.55,IoU,0.0010040183551609,209,17,481,92.47787610619469,30.28985507246377,45.63318777292577
expert_E_large_solo,test,0.6,IoU,0.0010040183551609,195,11,495,94.66019417475728,28.26086956521739,43.52678571428571
expert_E_large_solo,test,0.7,IoU,0.0010040183551609,169,7,521,96.02272727272728,24.49275362318841,39.03002309468822
expert_E_large_solo,test,0.8,IoU,0.0010040183551609,143,4,547,97.27891156462584,20.724637681159415,34.16965352449223
expert_E_large_solo,test,0.9,IoU,0.0010040183551609,77,2,613,97.46835443037976,11.159420289855072,20.026007802340704
expert_E_large_solo,test,0.01,S-IoU,0.0010040183551609,428,198,247,68.370607028754,63.40740740740741,65.79554189085319
expert_E_large_solo,test,0.05,S-IoU,0.0010040183551609,358,100,304,78.16593886462883,54.0785498489426,63.92857142857144
expert_E_large_solo,test,0.1,S-IoU,0.0010040183551609,331,63,330,84.01015228426397,50.07564296520424,62.74881516587678
expert_E_large_solo,test,0.15,S-IoU,0.0010040183551609,308,53,350,85.3185595567867,46.80851063829788,60.45142296368989
expert_E_large_solo,test,0.2,S-IoU,0.0010040183551609,290,47,370,86.05341246290801,43.93939393939394,58.17452357071213
expert_E_large_solo,test,0.25,S-IoU,0.0010040183551609,274,37,387,88.10289389067523,41.45234493192133,56.37860082304527
expert_E_large_solo,test,0.3,S-IoU,0.0010040183551609,260,31,401,89.3470790378007,39.33434190620272,54.6218487394958
expert_E_large_solo,test,0.35,S-IoU,0.0010040183551609,255,25,407,91.07142857142856,38.51963746223565,54.14012738853503
expert_E_large_solo,test,0.4,S-IoU,0.0010040183551609,247,22,416,91.82156133828995,37.25490196078432,53.00429184549356
expert_E_large_solo,test,0.45,S-IoU,0.0010040183551609,237,17,427,93.30708661417324,35.69277108433735,51.63398692810458
expert_E_large_solo,test,0.5,S-IoU,0.0010040183551609,224,16,439,93.33333333333331,33.78582202111614,49.6124031007752
expert_E_large_solo,test,0.55,S-IoU,0.0010040183551609,213,13,451,94.24778761061948,32.07831325301205,47.86516853932584
expert_E_large_solo,test,0.6,S-IoU,0.0010040183551609,197,9,470,95.63106796116504,29.535232383808097,45.13172966781215
expert_E_large_solo,test,0.7,S-IoU,0.0010040183551609,169,7,504,96.02272727272728,25.11144130757801,39.811542991755005
expert_E_large_solo,test,0.8,S-IoU,0.0010040183551609,143,4,533,97.27891156462584,21.153846153846157,34.75091130012151
expert_E_large_solo,test,0.9,S-IoU,0.0010040183551609,78,1,607,98.73417721518987,11.386861313868613,20.41884816753927
expert_E_medium_solo,field_work,0.01,IoU,0.2500693798065185,671,181,1100,78.75586854460094,37.88819875776397,51.16279069767442
expert_E_medium_solo,field_work,0.05,IoU,0.2500693798065185,671,181,1100,78.75586854460094,37.88819875776397,51.16279069767442
expert_E_medium_solo,field_work,0.1,IoU,0.2500693798065185,671,181,1100,78.75586854460094,37.88819875776397,51.16279069767442
expert_E_medium_solo,field_work,0.15,IoU,0.2500693798065185,671,181,1100,78.75586854460094,37.88819875776397,51.16279069767442
expert_E_medium_solo,field_work,0.2,IoU,0.2500693798065185,671,181,1100,78.75586854460094,37.88819875776397,51.16279069767442
expert_E_medium_solo,field_work,0.25,IoU,0.2500693798065185,671,181,1100,78.75586854460094,37.88819875776397,51.16279069767442
expert_E_medium_solo,field_work,0.3,IoU,0.2500693798065185,636,154,1135,80.50632911392405,35.91191417278374,49.66809839906287
expert_E_medium_solo,field_work,0.35,IoU,0.2500693798065185,587,125,1184,82.4438202247191,33.1451157538114,47.2815142972211
expert_E_medium_solo,field_work,0.4,IoU,0.2500693798065185,549,99,1222,84.72222222222221,30.999435347261432,45.39065729640347
expert_E_medium_solo,field_work,0.45,IoU,0.2500693798065185,508,86,1263,85.52188552188552,28.684359119141728,42.959830866807614
expert_E_medium_solo,field_work,0.5,IoU,0.2500693798065185,464,66,1307,87.54716981132076,26.199887069452288,40.330291177748805
expert_E_medium_solo,field_work,0.55,IoU,0.2500693798065185,419,51,1352,89.14893617021276,23.65894974590627,37.394020526550655
expert_E_medium_solo,field_work,0.6,IoU,0.2500693798065185,375,36,1396,91.24087591240875,21.174477696216822,34.37213565536206
expert_E_medium_solo,field_work,0.7,IoU,0.2500693798065185,273,16,1498,94.4636678200692,15.41501976284585,26.50485436893204
expert_E_medium_solo,field_work,0.8,IoU,0.2500693798065185,143,4,1628,97.27891156462584,8.074534161490684,14.911366006256516
expert_E_medium_solo,field_work,0.9,IoU,0.2500693798065185,11,0,1760,100.0,0.6211180124223602,1.234567901234568
expert_E_medium_solo,field_work,0.01,S-IoU,0.2500693798065185,706,146,1000,82.86384976525821,41.38335287221571,55.19937451133698
expert_E_medium_solo,field_work,0.05,S-IoU,0.2500693798065185,706,146,1000,82.86384976525821,41.38335287221571,55.19937451133698
expert_E_medium_solo,field_work,0.1,S-IoU,0.2500693798065185,706,146,1000,82.86384976525821,41.38335287221571,55.19937451133698
expert_E_medium_solo,field_work,0.15,S-IoU,0.2500693798065185,706,146,1000,82.86384976525821,41.38335287221571,55.19937451133698
expert_E_medium_solo,field_work,0.2,S-IoU,0.2500693798065185,706,146,1000,82.86384976525821,41.38335287221571,55.19937451133698
expert_E_medium_solo,field_work,0.25,S-IoU,0.2500693798065185,706,146,1000,82.86384976525821,41.38335287221571,55.19937451133698
expert_E_medium_solo,field_work,0.3,S-IoU,0.2500693798065185,662,128,1042,83.79746835443038,38.84976525821596,53.087409783480354
expert_E_medium_solo,field_work,0.35,S-IoU,0.2500693798065185,602,110,1101,84.5505617977528,35.34938344098649,49.85507246376812
expert_E_medium_solo,field_work,0.4,S-IoU,0.2500693798065185,556,92,1152,85.80246913580247,32.55269320843091,47.19864176570458
expert_E_medium_solo,field_work,0.45,S-IoU,0.2500693798065185,513,81,1197,86.36363636363636,30.0,44.53125
expert_E_medium_solo,field_work,0.5,S-IoU,0.2500693798065185,464,66,1252,87.54716981132076,27.03962703962704,41.31789848619769
expert_E_medium_solo,field_work,0.55,S-IoU,0.2500693798065185,416,54,1307,88.51063829787233,24.14393499709809,37.93889648882809
expert_E_medium_solo,field_work,0.6,S-IoU,0.2500693798065185,366,45,1365,89.05109489051095,21.14384748700173,34.173669467787114
expert_E_medium_solo,field_work,0.7,S-IoU,0.2500693798065185,269,20,1485,93.07958477508652,15.3363740022805,26.33382280959373
expert_E_medium_solo,field_work,0.8,S-IoU,0.2500693798065185,139,8,1626,94.5578231292517,7.875354107648726,14.539748953974891
expert_E_medium_solo,field_work,0.9,S-IoU,0.2500693798065185,11,0,1760,100.0,0.6211180124223602,1.234567901234568
expert_E_medium_solo,test,0.01,IoU,0.0010009438265115,532,655,158,44.81887110362258,77.10144927536233,56.68620138518913
expert_E_medium_solo,test,0.05,IoU,0.0010009438265115,481,287,209,62.630208333333336,69.71014492753623,65.98079561042523
expert_E_medium_solo,test,0.1,IoU,0.0010009438265115,441,191,249,69.77848101265823,63.91304347826087,66.71709531013616
expert_E_medium_solo,test,0.15,IoU,0.0010009438265115,417,133,273,75.81818181818181,60.43478260869565,67.25806451612904
expert_E_medium_solo,test,0.2,IoU,0.0010009438265115,390,103,300,79.10750507099391,56.52173913043478,65.93406593406593
expert_E_medium_solo,test,0.25,IoU,0.0010009438265115,379,78,311,82.93216630196937,54.927536231884055,66.08544027898867
expert_E_medium_solo,test,0.3,IoU,0.0010009438265115,357,65,333,84.59715639810426,51.73913043478261,64.20863309352518
expert_E_medium_solo,test,0.35,IoU,0.0010009438265115,342,54,348,86.36363636363636,49.56521739130435,62.983425414364646
expert_E_medium_solo,test,0.4,IoU,0.0010009438265115,323,41,367,88.73626373626374,46.81159420289855,61.29032258064516
expert_E_medium_solo,test,0.45,IoU,0.0010009438265115,300,34,390,89.82035928143712,43.47826086956522,58.59375
expert_E_medium_solo,test,0.5,IoU,0.0010009438265115,282,24,408,92.15686274509804,40.869565217391305,56.62650602409639
expert_E_medium_solo,test,0.55,IoU,0.0010009438265115,265,18,425,93.63957597173145,38.40579710144928,54.47070914696815
expert_E_medium_solo,test,0.6,IoU,0.0010009438265115,228,15,462,93.82716049382717,33.04347826086956,48.87459807073954
expert_E_medium_solo,test,0.7,IoU,0.0010009438265115,176,8,514,95.65217391304348,25.507246376811597,40.2745995423341
expert_E_medium_solo,test,0.8,IoU,0.0010009438265115,112,2,578,98.24561403508773,16.231884057971012,27.86069651741293
expert_E_medium_solo,test,0.9,IoU,0.0010009438265115,12,0,678,100.0,1.7391304347826086,3.418803418803419
expert_E_medium_solo,test,0.01,S-IoU,0.0010009438265115,573,614,127,48.27295703454086,81.85714285714286,60.73131955484897
expert_E_medium_solo,test,0.05,S-IoU,0.0010009438265115,495,273,179,64.453125,73.44213649851632,68.65464632454923
expert_E_medium_solo,test,0.1,S-IoU,0.0010009438265115,449,183,224,71.04430379746836,66.71619613670133,68.81226053639847
expert_E_medium_solo,test,0.15,S-IoU,0.0010009438265115,421,129,250,76.54545454545455,62.74217585692996,68.95986895986897
expert_E_medium_solo,test,0.2,S-IoU,0.0010009438265115,394,99,278,79.91886409736308,58.63095238095239,67.63948497854078
expert_E_medium_solo,test,0.25,S-IoU,0.0010009438265115,379,78,294,82.93216630196937,56.3150074294205,67.07964601769912
expert_E_medium_solo,test,0.3,S-IoU,0.0010009438265115,357,65,317,84.59715639810426,52.967359050445104,65.14598540145985
expert_E_medium_solo,test,0.35,S-IoU,0.0010009438265115,342,54,333,86.36363636363636,50.66666666666667,63.8655462184874
expert_E_medium_solo,test,0.4,S-IoU,0.0010009438265115,324,40,352,89.01098901098901,47.92899408284024,62.30769230769231
expert_E_medium_solo,test,0.45,S-IoU,0.0010009438265115,302,32,376,90.41916167664672,44.54277286135693,59.68379446640317
expert_E_medium_solo,test,0.5,S-IoU,0.0010009438265115,282,24,395,92.15686274509804,41.65435745937962,57.37538148524924
expert_E_medium_solo,test,0.55,S-IoU,0.0010009438265115,266,17,415,93.9929328621908,39.06020558002937,55.18672199170125
expert_E_medium_solo,test,0.6,S-IoU,0.0010009438265115,228,15,454,93.82716049382717,33.43108504398827,49.2972972972973
expert_E_medium_solo,test,0.7,S-IoU,0.0010009438265115,176,8,509,95.65217391304348,25.693430656934307,40.50632911392405
expert_E_medium_solo,test,0.8,S-IoU,0.0010009438265115,112,2,577,98.24561403508773,16.25544267053701,27.895392278953924
expert_E_medium_solo,test,0.9,S-IoU,0.0010009438265115,12,0,678,100.0,1.7391304347826086,3.418803418803419
expert_E_small_solo,field_work,0.01,IoU,0.2510686814785003,227,79,1544,74.18300653594771,12.817617165443252,21.858449687048623
expert_E_small_solo,field_work,0.05,IoU,0.2510686814785003,227,79,1544,74.18300653594771,12.817617165443252,21.858449687048623
expert_E_small_solo,field_work,0.1,IoU,0.2510686814785003,227,79,1544,74.18300653594771,12.817617165443252,21.858449687048623
expert_E_small_solo,field_work,0.15,IoU,0.2510686814785003,227,79,1544,74.18300653594771,12.817617165443252,21.858449687048623
expert_E_small_solo,field_work,0.2,IoU,0.2510686814785003,227,79,1544,74.18300653594771,12.817617165443252,21.858449687048623
expert_E_small_solo,field_work,0.25,IoU,0.2510686814785003,227,79,1544,74.18300653594771,12.817617165443252,21.858449687048623
expert_E_small_solo,field_work,0.3,IoU,0.2510686814785003,211,58,1560,78.43866171003717,11.914172783738,20.686274509803923
expert_E_small_solo,field_work,0.35,IoU,0.2510686814785003,190,43,1581,81.54506437768241,10.72840203274986,18.962075848303392
expert_E_small_solo,field_work,0.4,IoU,0.2510686814785003,171,33,1600,83.82352941176471,9.655561829474872,17.31645569620253
expert_E_small_solo,field_work,0.45,IoU,0.2510686814785003,159,29,1612,84.57446808510637,8.977978543195935,16.232771822358348
expert_E_small_solo,field_work,0.5,IoU,0.2510686814785003,136,18,1635,88.31168831168831,7.679277244494635,14.12987012987013
expert_E_small_solo,field_work,0.55,IoU,0.2510686814785003,119,15,1652,88.80597014925374,6.719367588932807,12.493438320209972
expert_E_small_solo,field_work,0.6,IoU,0.2510686814785003,97,14,1674,87.38738738738738,5.4771315640880855,10.30818278427205
expert_E_small_solo,field_work,0.7,IoU,0.2510686814785003,67,5,1704,93.05555555555556,3.78317334839074,7.2707542051003795
expert_E_small_solo,field_work,0.8,IoU,0.2510686814785003,35,1,1736,97.2222222222222,1.9762845849802373,3.87382401770891
expert_E_small_solo,field_work,0.9,IoU,0.2510686814785003,1,0,1770,100.0,0.0564652738565782,0.1128668171557562
expert_E_small_solo,field_work,0.01,S-IoU,0.2510686814785003,248,58,1515,81.04575163398692,14.06693136698809,23.97293378443693
expert_E_small_solo,field_work,0.05,S-IoU,0.2510686814785003,248,58,1515,81.04575163398692,14.06693136698809,23.97293378443693
expert_E_small_solo,field_work,0.1,S-IoU,0.2510686814785003,248,58,1515,81.04575163398692,14.06693136698809,23.97293378443693
expert_E_small_solo,field_work,0.15,S-IoU,0.2510686814785003,248,58,1515,81.04575163398692,14.06693136698809,23.97293378443693
expert_E_small_solo,field_work,0.2,S-IoU,0.2510686814785003,248,58,1515,81.04575163398692,14.06693136698809,23.97293378443693
expert_E_small_solo,field_work,0.25,S-IoU,0.2510686814785003,248,58,1515,81.04575163398692,14.06693136698809,23.97293378443693
expert_E_small_solo,field_work,0.3,S-IoU,0.2510686814785003,226,43,1538,84.01486988847584,12.811791383219957,22.23315297589769
expert_E_small_solo,field_work,0.35,S-IoU,0.2510686814785003,203,30,1562,87.1244635193133,11.5014164305949,20.32032032032032
expert_E_small_solo,field_work,0.4,S-IoU,0.2510686814785003,181,23,1584,88.72549019607843,10.254957507082151,18.384966988318947
expert_E_small_solo,field_work,0.45,S-IoU,0.2510686814785003,167,21,1598,88.82978723404256,9.461756373937677,17.10189452124936
expert_E_small_solo,field_work,0.5,S-IoU,0.2510686814785003,140,14,1626,90.9090909090909,7.9275198187995475,14.583333333333334
expert_E_small_solo,field_work,0.55,S-IoU,0.2510686814785003,122,12,1644,91.04477611940298,6.908267270668176,12.842105263157894
expert_E_small_solo,field_work,0.6,S-IoU,0.2510686814785003,100,11,1666,90.09009009009009,5.662514156285391,10.655301012253595
expert_E_small_solo,field_work,0.7,S-IoU,0.2510686814785003,69,3,1700,95.83333333333334,3.900508762012436,7.495926127104833
expert_E_small_solo,field_work,0.8,S-IoU,0.2510686814785003,36,0,1735,100.0,2.032749858836816,3.984504703929164
expert_E_small_solo,field_work,0.9,S-IoU,0.2510686814785003,1,0,1770,100.0,0.0564652738565782,0.1128668171557562
expert_E_small_solo,test,0.01,IoU,0.0010002766503021,172,457,518,27.344992050874406,24.92753623188406,26.080363912054587
expert_E_small_solo,test,0.05,IoU,0.0010002766503021,136,158,554,46.25850340136054,19.710144927536238,27.642276422764237
expert_E_small_solo,test,0.1,IoU,0.0010002766503021,116,88,574,56.86274509803921,16.81159420289855,25.95078299776286
expert_E_small_solo,test,0.15,IoU,0.0010002766503021,103,57,587,64.375,14.92753623188406,24.23529411764706
expert_E_small_solo,test,0.2,IoU,0.0010002766503021,94,37,596,71.7557251908397,13.623188405797102,22.89890377588307
expert_E_small_solo,test,0.25,IoU,0.0010002766503021,85,30,605,73.91304347826086,12.318840579710146,21.11801242236025
expert_E_small_solo,test,0.3,IoU,0.0010002766503021,74,23,616,76.28865979381443,10.72463768115942,18.805590851334177
expert_E_small_solo,test,0.35,IoU,0.0010002766503021,68,18,622,79.06976744186046,9.855072463768115,17.525773195876287
expert_E_small_solo,test,0.4,IoU,0.0010002766503021,62,15,628,80.51948051948052,8.985507246376812,16.166883963494133
expert_E_small_solo,test,0.45,IoU,0.0010002766503021,58,9,632,86.56716417910447,8.405797101449275,15.323645970937912
expert_E_small_solo,test,0.5,IoU,0.0010002766503021,53,7,637,88.33333333333333,7.681159420289855,14.133333333333336
expert_E_small_solo,test,0.55,IoU,0.0010002766503021,49,6,641,89.0909090909091,7.101449275362319,13.154362416107382
expert_E_small_solo,test,0.6,IoU,0.0010002766503021,43,4,647,91.48936170212764,6.231884057971015,11.668928086838536
expert_E_small_solo,test,0.7,IoU,0.0010002766503021,31,3,659,91.17647058823528,4.492753623188406,8.56353591160221
expert_E_small_solo,test,0.8,IoU,0.0010002766503021,12,0,678,100.0,1.7391304347826086,3.418803418803419
expert_E_small_solo,test,0.9,IoU,0.0010002766503021,1,0,689,100.0,0.144927536231884,0.2894356005788712
expert_E_small_solo,test,0.01,S-IoU,0.0010002766503021,184,445,503,29.252782193958662,26.78311499272198,27.96352583586626
expert_E_small_solo,test,0.05,S-IoU,0.0010002766503021,138,156,547,46.93877551020408,20.145985401459853,28.192032686414716
expert_E_small_solo,test,0.1,S-IoU,0.0010002766503021,117,87,569,57.35294117647059,17.05539358600583,26.29213483146067
expert_E_small_solo,test,0.15,S-IoU,0.0010002766503021,99,61,585,61.875,14.473684210526317,23.459715639810423
expert_E_small_solo,test,0.2,S-IoU,0.0010002766503021,91,40,593,69.46564885496184,13.304093567251464,22.331288343558285
expert_E_small_solo,test,0.25,S-IoU,0.0010002766503021,85,30,603,73.91304347826086,12.354651162790695,21.1706102117061
expert_E_small_solo,test,0.3,S-IoU,0.0010002766503021,73,24,615,75.25773195876289,10.61046511627907,18.598726114649683
expert_E_small_solo,test,0.35,S-IoU,0.0010002766503021,68,18,621,79.06976744186046,9.869375907111756,17.548387096774192
expert_E_small_solo,test,0.4,S-IoU,0.0010002766503021,62,15,627,80.51948051948052,8.99854862119013,16.18798955613577
expert_E_small_solo,test,0.45,S-IoU,0.0010002766503021,58,9,631,86.56716417910447,8.417997097242381,15.343915343915343
expert_E_small_solo,test,0.5,S-IoU,0.0010002766503021,53,7,636,88.33333333333333,7.6923076923076925,14.152202937249667
expert_E_small_solo,test,0.55,S-IoU,0.0010002766503021,49,6,640,89.0909090909091,7.111756168359943,13.17204301075269
expert_E_small_solo,test,0.6,S-IoU,0.0010002766503021,43,4,647,91.48936170212764,6.231884057971015,11.668928086838536
expert_E_small_solo,test,0.7,S-IoU,0.0010002766503021,31,3,659,91.17647058823528,4.492753623188406,8.56353591160221
expert_E_small_solo,test,0.8,S-IoU,0.0010002766503021,12,0,678,100.0,1.7391304347826086,3.418803418803419
expert_E_small_solo,test,0.9,S-IoU,0.0010002766503021,1,0,689,100.0,0.144927536231884,0.2894356005788712
random_ensemble,field_work,0.01,IoU,0.2501912117004394,772,86,999,89.97668997668997,43.59119141727837,58.729554963864594
random_ensemble,field_work,0.05,IoU,0.2501912117004394,772,86,999,89.97668997668997,43.59119141727837,58.729554963864594
random_ensemble,field_work,0.1,IoU,0.2501912117004394,772,86,999,89.97668997668997,43.59119141727837,58.729554963864594
random_ensemble,field_work,0.15,IoU,0.2501912117004394,772,86,999,89.97668997668997,43.59119141727837,58.729554963864594
random_ensemble,field_work,0.2,IoU,0.2501912117004394,772,86,999,89.97668997668997,43.59119141727837,58.729554963864594
random_ensemble,field_work,0.25,IoU,0.2501912117004394,772,86,999,89.97668997668997,43.59119141727837,58.729554963864594
random_ensemble,field_work,0.3,IoU,0.2501912117004394,643,55,1128,92.12034383954156,36.307171089779786,52.08586472255974
random_ensemble,field_work,0.35,IoU,0.2501912117004394,477,39,1294,92.44186046511628,26.9339356295878,41.71403585483166
random_ensemble,field_work,0.4,IoU,0.2501912117004394,322,17,1449,94.98525073746312,18.181818181818183,30.521327014218013
random_ensemble,field_work,0.45,IoU,0.2501912117004394,187,11,1584,94.44444444444444,10.559006211180124,18.994413407821227
random_ensemble,field_work,0.5,IoU,0.2501912117004394,107,4,1664,96.3963963963964,6.041784302653868,11.370882040382572
random_ensemble,field_work,0.55,IoU,0.2501912117004394,53,2,1718,96.36363636363636,2.9926595143986447,5.805038335158817
random_ensemble,field_work,0.6,IoU,0.2501912117004394,25,1,1746,96.15384615384616,1.4116318464144553,2.7824151363383423
random_ensemble,field_work,0.7,IoU,0.2501912117004394,2,1,1769,66.66666666666666,0.1129305477131564,0.2254791431792559
random_ensemble,field_work,0.01,S-IoU,0.2501912117004394,775,83,889,90.32634032634031,46.574519230769226,61.45915939730373
random_ensemble,field_work,0.05,S-IoU,0.2501912117004394,775,83,889,90.32634032634031,46.574519230769226,61.45915939730373
random_ensemble,field_work,0.1,S-IoU,0.2501912117004394,775,83,889,90.32634032634031,46.574519230769226,61.45915939730373
random_ensemble,field_work,0.15,S-IoU,0.2501912117004394,775,83,889,90.32634032634031,46.574519230769226,61.45915939730373
random_ensemble,field_work,0.2,S-IoU,0.2501912117004394,775,83,889,90.32634032634031,46.574519230769226,61.45915939730373
random_ensemble,field_work,0.25,S-IoU,0.2501912117004394,775,83,889,90.32634032634031,46.574519230769226,61.45915939730373
random_ensemble,field_work,0.3,S-IoU,0.2501912117004394,644,54,1047,92.26361031518626,38.08397397989356,53.913771452490586
random_ensemble,field_work,0.35,S-IoU,0.2501912117004394,480,36,1234,93.02325581395348,28.004667444574093,43.049327354260086
random_ensemble,field_work,0.4,S-IoU,0.2501912117004394,321,18,1422,94.69026548672566,18.416523235800344,30.835734870317
random_ensemble,field_work,0.45,S-IoU,0.2501912117004394,186,12,1567,93.93939393939394,10.610382201939531,19.067145053818557
random_ensemble,field_work,0.5,S-IoU,0.2501912117004394,106,5,1659,95.4954954954955,6.005665722379604,11.300639658848617
random_ensemble,field_work,0.55,S-IoU,0.2501912117004394,50,5,1717,90.9090909090909,2.829654782116582,5.488474204171241
random_ensemble,field_work,0.6,S-IoU,0.2501912117004394,23,3,1746,88.46153846153845,1.3001695873374788,2.562674094707521
random_ensemble,field_work,0.7,S-IoU,0.2501912117004394,2,1,1769,66.66666666666666,0.1129305477131564,0.2254791431792559
random_ensemble,test,0.01,IoU,0.0100176371634006,672,1546,18,30.297565374211,97.3913043478261,46.217331499312245
random_ensemble,test,0.05,IoU,0.0100176371634006,645,431,45,59.94423791821561,93.47826086956522,73.04643261608153
random_ensemble,test,0.1,IoU,0.0100176371634006,615,209,75,74.63592233009709,89.13043478260869,81.24174372523116
random_ensemble,test,0.15,IoU,0.0100176371634006,584,119,106,83.07254623044096,84.63768115942028,83.84781048097632
random_ensemble,test,0.2,IoU,0.0100176371634006,543,70,147,88.58075040783035,78.69565217391305,83.34612432847275
random_ensemble,test,0.25,IoU,0.0100176371634006,500,44,190,91.91176470588236,72.46376811594203,81.03727714748784
random_ensemble,test,0.3,IoU,0.0100176371634006,443,26,247,94.45628997867804,64.20289855072464,76.44521138912856
random_ensemble,test,0.35,IoU,0.0100176371634006,367,13,323,96.57894736842104,53.188405797101446,68.5981308411215
random_ensemble,test,0.4,IoU,0.0100176371634006,262,6,428,97.76119402985076,37.971014492753625,54.697286012526106
random_ensemble,test,0.45,IoU,0.0100176371634006,173,2,517,98.85714285714286,25.072463768115945,40.0
random_ensemble,test,0.5,IoU,0.0100176371634006,106,0,584,100.0,15.36231884057971,26.63316582914573
random_ensemble,test,0.55,IoU,0.0100176371634006,50,0,640,100.0,7.246376811594203,13.513513513513512
random_ensemble,test,0.6,IoU,0.0100176371634006,30,0,660,100.0,4.3478260869565215,8.333333333333332
random_ensemble,test,0.7,IoU,0.0100176371634006,5,0,685,100.0,0.7246376811594203,1.4388489208633093
random_ensemble,test,0.01,S-IoU,0.0100176371634006,883,1335,6,39.81064021641118,99.32508436445444,56.83939491470872
random_ensemble,test,0.05,S-IoU,0.0100176371634006,720,356,20,66.91449814126395,97.2972972972973,79.29515418502203
random_ensemble,test,0.1,S-IoU,0.0100176371634006,644,180,43,78.15533980582524,93.74090247452692,85.24156187954996
random_ensemble,test,0.15,S-IoU,0.0100176371634006,595,108,65,84.63726884779517,90.15151515151516,87.30741012472487
random_ensemble,test,0.2,S-IoU,0.0100176371634006,548,65,110,89.39641109298532,83.28267477203647,86.23131392604247
random_ensemble,test,0.25,S-IoU,0.0100176371634006,498,46,158,91.54411764705884,75.91463414634147,83.0
random_ensemble,test,0.3,S-IoU,0.0100176371634006,438,31,223,93.3901918976546,66.26323751891074,77.52212389380531
random_ensemble,test,0.35,S-IoU,0.0100176371634006,362,18,306,95.26315789473684,54.19161676646706,69.08396946564885
random_ensemble,test,0.4,S-IoU,0.0100176371634006,258,10,419,96.26865671641792,38.10930576070901,54.60317460317461
random_ensemble,test,0.45,S-IoU,0.0100176371634006,170,5,512,97.14285714285714,24.9266862170088,39.6732788798133
random_ensemble,test,0.5,S-IoU,0.0100176371634006,104,2,584,98.1132075471698,15.11627906976744,26.196473551637272
random_ensemble,test,0.55,S-IoU,0.0100176371634006,50,0,640,100.0,7.246376811594203,13.513513513513512
random_ensemble,test,0.6,S-IoU,0.0100176371634006,30,0,660,100.0,4.3478260869565215,8.333333333333332
random_ensemble,test,0.7,S-IoU,0.0100176371634006,5,0,685,100.0,0.7246376811594203,1.4388489208633093
