model,label,split,geometry,overlap,score_thr,metric,TP,FP,FN,precision,recall,f1
codetr_r50,Co-DETR ResNet-50,test,bbox,50,0.05,IoU,597,289,93,67.38148984198645,86.52173913043478,75.76142131979695
codetr_r50,Co-DETR ResNet-50,test,bbox,50,0.05,S-IoU,529,357,31,59.706546275395034,94.46428571428571,73.16735822959889
codetr_r50,Co-DETR ResNet-50,test,bbox,50,0.1,IoU,593,142,97,80.68027210884354,85.94202898550725,83.22807017543859
codetr_r50,Co-DETR ResNet-50,test,bbox,50,0.1,S-IoU,515,220,34,70.06802721088435,93.80692167577413,80.21806853582557
codetr_r50,Co-DETR ResNet-50,test,bbox,50,0.2,IoU,590,98,100,85.75581395348837,85.5072463768116,85.63134978229317
codetr_r50,Co-DETR ResNet-50,test,bbox,50,0.2,S-IoU,509,179,37,73.98255813953489,93.22344322344323,82.49594813614263
codetr_r50,Co-DETR ResNet-50,test,bbox,50,0.25,IoU,588,92,102,86.47058823529412,85.21739130434783,85.83941605839416
codetr_r50,Co-DETR ResNet-50,test,bbox,50,0.25,S-IoU,506,174,39,74.41176470588235,92.84403669724772,82.6122448979592
codetr_r50,Co-DETR ResNet-50,test,bbox,50,0.3,IoU,588,89,102,86.85376661742984,85.21739130434783,86.02779809802487
codetr_r50,Co-DETR ResNet-50,test,bbox,50,0.3,S-IoU,505,172,39,74.59379615952733,92.83088235294117,82.71908271908272
codetr_r50,Co-DETR ResNet-50,test,bbox,50,0.4,IoU,586,81,104,87.85607196401799,84.92753623188406,86.36698599852618
codetr_r50,Co-DETR ResNet-50,test,bbox,50,0.4,S-IoU,502,165,42,75.26236881559221,92.27941176470588,82.90668868703551
codetr_r50,Co-DETR ResNet-50,test,bbox,50,0.5,IoU,581,76,109,88.43226788432268,84.20289855072464,86.26577579806978
codetr_r50,Co-DETR ResNet-50,test,bbox,50,0.5,S-IoU,498,159,46,75.79908675799086,91.54411764705883,82.9308909242298
codetr_r50,Co-DETR ResNet-50,test,bbox,50,0.6,IoU,579,68,111,89.48995363214837,83.91304347826087,86.61181750186987
codetr_r50,Co-DETR ResNet-50,test,bbox,50,0.6,S-IoU,497,150,49,76.8160741885626,91.02564102564102,83.31936295054484
codetr_r50,Co-DETR ResNet-50,test,bbox,50,0.7,IoU,569,61,121,90.31746031746032,82.46376811594203,86.2121212121212
codetr_r50,Co-DETR ResNet-50,test,bbox,50,0.7,S-IoU,492,138,58,78.0952380952381,89.45454545454545,83.38983050847457
codetr_r50,Co-DETR ResNet-50,test,bbox,50,0.8,IoU,558,57,132,90.73170731707317,80.8695652173913,85.51724137931033
codetr_r50,Co-DETR ResNet-50,test,bbox,50,0.8,S-IoU,486,129,71,79.02439024390245,87.25314183123878,82.93515358361775
codetr_r50,Co-DETR ResNet-50,test,bbox,50,0.9,IoU,528,43,162,92.46935201401051,76.52173913043478,83.74306106264868
codetr_r50,Co-DETR ResNet-50,test,bbox,50,0.9,S-IoU,462,109,113,80.9106830122592,80.34782608695652,80.62827225130891
codetr_r50,Co-DETR ResNet-50,test,bbox,75,0.05,IoU,481,405,209,54.28893905191874,69.71014492753623,61.040609137055846
codetr_r50,Co-DETR ResNet-50,test,bbox,75,0.05,S-IoU,428,458,65,48.306997742663654,86.81541582150102,62.07396664249456
codetr_r50,Co-DETR ResNet-50,test,bbox,75,0.1,IoU,480,255,210,65.3061224489796,69.56521739130434,67.36842105263158
codetr_r50,Co-DETR ResNet-50,test,bbox,75,0.1,S-IoU,421,314,69,57.278911564625844,85.91836734693878,68.73469387755101
codetr_r50,Co-DETR ResNet-50,test,bbox,75,0.2,IoU,478,210,212,69.47674418604652,69.27536231884058,69.37590711175616
codetr_r50,Co-DETR ResNet-50,test,bbox,75,0.2,S-IoU,418,270,71,60.75581395348837,85.48057259713701,71.02803738317756
codetr_r50,Co-DETR ResNet-50,test,bbox,75,0.25,IoU,476,204,214,70.0,68.98550724637681,69.4890510948905
codetr_r50,Co-DETR ResNet-50,test,bbox,75,0.25,S-IoU,416,264,75,61.1764705882353,84.72505091649694,71.05038428693425
codetr_r50,Co-DETR ResNet-50,test,bbox,75,0.3,IoU,476,201,214,70.31019202363368,68.98550724637681,69.64155084125824
codetr_r50,Co-DETR ResNet-50,test,bbox,75,0.3,S-IoU,415,262,75,61.29985228951256,84.6938775510204,71.12253641816623
codetr_r50,Co-DETR ResNet-50,test,bbox,75,0.4,IoU,475,192,215,71.2143928035982,68.84057971014492,70.00736919675755
codetr_r50,Co-DETR ResNet-50,test,bbox,75,0.4,S-IoU,414,253,78,62.06896551724138,84.14634146341463,71.4408973252804
codetr_r50,Co-DETR ResNet-50,test,bbox,75,0.5,IoU,472,185,218,71.84170471841705,68.40579710144927,70.08166295471418
codetr_r50,Co-DETR ResNet-50,test,bbox,75,0.5,S-IoU,411,246,82,62.55707762557078,83.36713995943205,71.47826086956522
codetr_r50,Co-DETR ResNet-50,test,bbox,75,0.6,IoU,471,176,219,72.79752704791345,68.26086956521739,70.45624532535528
codetr_r50,Co-DETR ResNet-50,test,bbox,75,0.6,S-IoU,411,236,83,63.52395672333848,83.19838056680162,72.04206836108676
codetr_r50,Co-DETR ResNet-50,test,bbox,75,0.7,IoU,466,164,224,73.96825396825398,67.53623188405797,70.60606060606061
codetr_r50,Co-DETR ResNet-50,test,bbox,75,0.7,S-IoU,407,223,93,64.60317460317461,81.39999999999999,72.0353982300885
codetr_r50,Co-DETR ResNet-50,test,bbox,75,0.8,IoU,462,153,228,75.1219512195122,66.95652173913044,70.80459770114945
codetr_r50,Co-DETR ResNet-50,test,bbox,75,0.8,S-IoU,404,211,105,65.6910569105691,79.3713163064833,71.88612099644128
codetr_r50,Co-DETR ResNet-50,test,bbox,75,0.9,IoU,445,126,245,77.93345008756567,64.4927536231884,70.57890563045201
codetr_r50,Co-DETR ResNet-50,test,bbox,75,0.9,S-IoU,391,180,144,68.47635726795096,73.08411214953271,70.70524412296564
codetr_r50,Co-DETR ResNet-50,field_work,bbox,50,0.05,IoU,635,1981,1136,24.273700305810397,35.855448898927165,28.949167996352866
codetr_r50,Co-DETR ResNet-50,field_work,bbox,50,0.05,S-IoU,593,2023,764,22.668195718654435,43.69933677229182,29.851497608859805
codetr_r50,Co-DETR ResNet-50,field_work,bbox,50,0.1,IoU,626,1052,1145,37.30631704410012,35.347261434217955,36.30037692084662
codetr_r50,Co-DETR ResNet-50,field_work,bbox,50,0.1,S-IoU,555,1123,781,33.07508939213349,41.541916167664674,36.82813536828136
codetr_r50,Co-DETR ResNet-50,field_work,bbox,50,0.2,IoU,616,799,1155,43.533568904593636,34.78260869565217,38.669177652228505
codetr_r50,Co-DETR ResNet-50,field_work,bbox,50,0.2,S-IoU,533,882,800,37.667844522968196,39.98499624906226,38.79184861717613
codetr_r50,Co-DETR ResNet-50,field_work,bbox,50,0.25,IoU,611,758,1160,44.631117604090576,34.50028232636928,38.9171974522293
codetr_r50,Co-DETR ResNet-50,field_work,bbox,50,0.25,S-IoU,523,846,808,38.203067932797666,39.29376408715252,38.74074074074073
codetr_r50,Co-DETR ResNet-50,field_work,bbox,50,0.3,IoU,608,732,1163,45.37313432835821,34.330886504799544,39.087110253937645
codetr_r50,Co-DETR ResNet-50,field_work,bbox,50,0.3,S-IoU,517,823,815,38.582089552238806,38.813813813813816,38.69760479041916
codetr_r50,Co-DETR ResNet-50,field_work,bbox,50,0.4,IoU,599,687,1172,46.578538102643854,33.82269904009034,39.18874713771672
codetr_r50,Co-DETR ResNet-50,field_work,bbox,50,0.4,S-IoU,508,778,830,39.502332814930014,37.96711509715994,38.71951219512194
codetr_r50,Co-DETR ResNet-50,field_work,bbox,50,0.5,IoU,584,662,1187,46.869983948635635,32.975719932241674,38.71395425919788
codetr_r50,Co-DETR ResNet-50,field_work,bbox,50,0.5,S-IoU,496,750,849,39.807383627608345,36.87732342007435,38.286375916634505
codetr_r50,Co-DETR ResNet-50,field_work,bbox,50,0.6,IoU,575,642,1196,47.247329498767456,32.467532467532465,38.48728246318608
codetr_r50,Co-DETR ResNet-50,field_work,bbox,50,0.6,S-IoU,489,728,864,40.18077239112572,36.14190687361419,38.05447470817121
codetr_r50,Co-DETR ResNet-50,field_work,bbox,50,0.7,IoU,558,623,1213,47.24809483488569,31.507622811970638,37.80487804878049
codetr_r50,Co-DETR ResNet-50,field_work,bbox,50,0.7,S-IoU,479,702,891,40.55884843353091,34.96350364963504,37.55390043120345
codetr_r50,Co-DETR ResNet-50,field_work,bbox,50,0.8,IoU,538,590,1233,47.695035460992905,30.37831733483907,37.11624698171783
codetr_r50,Co-DETR ResNet-50,field_work,bbox,50,0.8,S-IoU,463,665,926,41.04609929078014,33.33333333333333,36.78982916170044
codetr_r50,Co-DETR ResNet-50,field_work,bbox,50,0.9,IoU,472,519,1299,47.62865792129162,26.651609260304916,34.178131788559014
codetr_r50,Co-DETR ResNet-50,field_work,bbox,50,0.9,S-IoU,413,578,1042,41.67507568113017,28.38487972508591,33.769419460343414
codetr_r50,Co-DETR ResNet-50,field_work,bbox,75,0.05,IoU,279,2337,1492,10.6651376146789,15.753811405985319,12.719398222019604
codetr_r50,Co-DETR ResNet-50,field_work,bbox,75,0.05,S-IoU,322,2294,1002,12.308868501529052,24.3202416918429,16.34517766497462
codetr_r50,Co-DETR ResNet-50,field_work,bbox,75,0.1,IoU,278,1400,1493,16.5673420738975,15.697346132128743,16.12061467091911
codetr_r50,Co-DETR ResNet-50,field_work,bbox,75,0.1,S-IoU,303,1375,1027,18.05721096543504,22.781954887218046,20.146276595744677
codetr_r50,Co-DETR ResNet-50,field_work,bbox,75,0.2,IoU,278,1137,1493,19.646643109540637,15.697346132128743,17.451349654739484
codetr_r50,Co-DETR ResNet-50,field_work,bbox,75,0.2,S-IoU,297,1118,1040,20.98939929328622,22.213911742707555,21.584302325581394
codetr_r50,Co-DETR ResNet-50,field_work,bbox,75,0.25,IoU,278,1091,1493,20.306793279766254,15.697346132128743,17.707006369426754
codetr_r50,Co-DETR ResNet-50,field_work,bbox,75,0.25,S-IoU,292,1077,1047,21.32943754565376,21.807318894697538,21.56573116691285
codetr_r50,Co-DETR ResNet-50,field_work,bbox,75,0.3,IoU,278,1062,1493,20.746268656716417,15.697346132128743,17.8720668595307
codetr_r50,Co-DETR ResNet-50,field_work,bbox,75,0.3,S-IoU,289,1051,1054,21.567164179104477,21.518987341772153,21.54304882594111
codetr_r50,Co-DETR ResNet-50,field_work,bbox,75,0.4,IoU,273,1013,1498,21.228615863141524,15.41501976284585,17.860647693817466
codetr_r50,Co-DETR ResNet-50,field_work,bbox,75,0.4,S-IoU,284,1002,1068,22.08398133748056,21.005917159763314,21.531463229719485
codetr_r50,Co-DETR ResNet-50,field_work,bbox,75,0.5,IoU,268,978,1503,21.508828250401287,15.13269339356296,17.76599270798807
codetr_r50,Co-DETR ResNet-50,field_work,bbox,75,0.5,S-IoU,278,968,1084,22.31139646869984,20.411160058737153,21.319018404907972
codetr_r50,Co-DETR ResNet-50,field_work,bbox,75,0.6,IoU,264,953,1507,21.69268693508628,14.906832298136646,17.670682730923694
codetr_r50,Co-DETR ResNet-50,field_work,bbox,75,0.6,S-IoU,272,945,1102,22.35004108463435,19.7962154294032,20.995754534928597
codetr_r50,Co-DETR ResNet-50,field_work,bbox,75,0.7,IoU,261,920,1510,22.09991532599492,14.737436476566913,17.682926829268293
codetr_r50,Co-DETR ResNet-50,field_work,bbox,75,0.7,S-IoU,267,914,1122,22.60795935647756,19.222462203023756,20.77821011673152
codetr_r50,Co-DETR ResNet-50,field_work,bbox,75,0.8,IoU,252,876,1519,22.340425531914892,14.229249011857709,17.385305277681958
codetr_r50,Co-DETR ResNet-50,field_work,bbox,75,0.8,S-IoU,260,868,1156,23.04964539007092,18.361581920903955,20.440251572327046
codetr_r50,Co-DETR ResNet-50,field_work,bbox,75,0.9,IoU,235,756,1536,23.713420787083752,13.269339356295879,17.016654598117302
codetr_r50,Co-DETR ResNet-50,field_work,bbox,75,0.9,S-IoU,233,758,1243,23.511604439959637,15.785907859078591,18.889339278475884
codetr_r50_aug,Co-DETR R50 + aug/LR ciclico,test,bbox,50,0.05,IoU,589,216,101,73.16770186335404,85.3623188405797,78.79598662207357
codetr_r50_aug,Co-DETR R50 + aug/LR ciclico,test,bbox,50,0.05,S-IoU,524,281,32,65.09316770186335,94.24460431654677,77.00220426157239
codetr_r50_aug,Co-DETR R50 + aug/LR ciclico,test,bbox,50,0.1,IoU,584,145,106,80.10973936899863,84.63768115942028,82.31148696264977
codetr_r50_aug,Co-DETR R50 + aug/LR ciclico,test,bbox,50,0.1,S-IoU,506,223,37,69.41015089163237,93.18600368324125,79.55974842767294
codetr_r50_aug,Co-DETR R50 + aug/LR ciclico,test,bbox,50,0.2,IoU,577,101,113,85.10324483775811,83.6231884057971,84.35672514619883
codetr_r50_aug,Co-DETR R50 + aug/LR ciclico,test,bbox,50,0.2,S-IoU,497,181,42,73.30383480825958,92.20779220779221,81.67625308134757
codetr_r50_aug,Co-DETR R50 + aug/LR ciclico,test,bbox,50,0.25,IoU,572,93,118,86.01503759398497,82.89855072463767,84.42804428044279
codetr_r50_aug,Co-DETR R50 + aug/LR ciclico,test,bbox,50,0.25,S-IoU,494,171,46,74.28571428571429,91.48148148148148,81.99170124481327
codetr_r50_aug,Co-DETR R50 + aug/LR ciclico,test,bbox,50,0.3,IoU,565,86,125,86.78955453149003,81.88405797101449,84.26547352721848
codetr_r50_aug,Co-DETR R50 + aug/LR ciclico,test,bbox,50,0.3,S-IoU,488,163,52,74.96159754224271,90.37037037037037,81.94794290512175
codetr_r50_aug,Co-DETR R50 + aug/LR ciclico,test,bbox,50,0.4,IoU,554,77,136,87.79714738510302,80.28985507246377,83.87585162755488
codetr_r50_aug,Co-DETR R50 + aug/LR ciclico,test,bbox,50,0.4,S-IoU,479,152,61,75.91125198098257,88.70370370370371,81.81041844577285
codetr_r50_aug,Co-DETR R50 + aug/LR ciclico,test,bbox,50,0.5,IoU,550,68,140,88.9967637540453,79.71014492753623,84.09785932721712
codetr_r50_aug,Co-DETR R50 + aug/LR ciclico,test,bbox,50,0.5,S-IoU,474,144,67,76.69902912621359,87.61552680221811,81.79465056082829
codetr_r50_aug,Co-DETR R50 + aug/LR ciclico,test,bbox,50,0.6,IoU,541,59,149,90.16666666666666,78.40579710144927,83.87596899224805
codetr_r50_aug,Co-DETR R50 + aug/LR ciclico,test,bbox,50,0.6,S-IoU,471,129,78,78.5,85.79234972677595,81.98433420365535
codetr_r50_aug,Co-DETR R50 + aug/LR ciclico,test,bbox,50,0.7,IoU,531,55,159,90.61433447098976,76.95652173913044,83.22884012539186
codetr_r50_aug,Co-DETR R50 + aug/LR ciclico,test,bbox,50,0.7,S-IoU,466,120,90,79.5221843003413,83.81294964028777,81.61120840630474
codetr_r50_aug,Co-DETR R50 + aug/LR ciclico,test,bbox,50,0.8,IoU,521,45,169,92.04946996466431,75.5072463768116,82.96178343949045
codetr_r50_aug,Co-DETR R50 + aug/LR ciclico,test,bbox,50,0.8,S-IoU,458,108,101,80.91872791519434,81.9320214669052,81.42222222222222
codetr_r50_aug,Co-DETR R50 + aug/LR ciclico,test,bbox,50,0.9,IoU,498,39,192,92.73743016759776,72.17391304347827,81.17359413202935
codetr_r50_aug,Co-DETR R50 + aug/LR ciclico,test,bbox,50,0.9,S-IoU,445,92,125,82.86778398510242,78.0701754385965,80.39747064137308
codetr_r50_aug,Co-DETR R50 + aug/LR ciclico,test,bbox,75,0.05,IoU,459,346,231,57.018633540372676,66.52173913043478,61.40468227424749
codetr_r50_aug,Co-DETR R50 + aug/LR ciclico,test,bbox,75,0.05,S-IoU,434,371,67,53.91304347826087,86.62674650698602,66.4624808575804
codetr_r50_aug,Co-DETR R50 + aug/LR ciclico,test,bbox,75,0.1,IoU,456,273,234,62.55144032921811,66.08695652173913,64.27061310782241
codetr_r50_aug,Co-DETR R50 + aug/LR ciclico,test,bbox,75,0.1,S-IoU,423,306,74,58.0246913580247,85.11066398390342,69.00489396411093
codetr_r50_aug,Co-DETR R50 + aug/LR ciclico,test,bbox,75,0.2,IoU,453,225,237,66.8141592920354,65.65217391304347,66.2280701754386
codetr_r50_aug,Co-DETR R50 + aug/LR ciclico,test,bbox,75,0.2,S-IoU,419,259,79,61.799410029498524,84.13654618473896,71.25850340136054
codetr_r50_aug,Co-DETR R50 + aug/LR ciclico,test,bbox,75,0.25,IoU,451,214,239,67.81954887218045,65.36231884057972,66.56826568265683
codetr_r50_aug,Co-DETR R50 + aug/LR ciclico,test,bbox,75,0.25,S-IoU,417,248,84,62.70676691729323,83.23353293413174,71.52658662092624
codetr_r50_aug,Co-DETR R50 + aug/LR ciclico,test,bbox,75,0.3,IoU,450,201,240,69.12442396313364,65.21739130434783,67.11409395973155
codetr_r50_aug,Co-DETR R50 + aug/LR ciclico,test,bbox,75,0.3,S-IoU,414,237,90,63.594470046082954,82.14285714285714,71.6883116883117
codetr_r50_aug,Co-DETR R50 + aug/LR ciclico,test,bbox,75,0.4,IoU,444,187,246,70.36450079239303,64.34782608695652,67.221801665405
codetr_r50_aug,Co-DETR R50 + aug/LR ciclico,test,bbox,75,0.4,S-IoU,406,225,102,64.34231378763867,79.92125984251969,71.29060579455664
codetr_r50_aug,Co-DETR R50 + aug/LR ciclico,test,bbox,75,0.5,IoU,443,175,247,71.68284789644012,64.20289855072464,67.73700305810397
codetr_r50_aug,Co-DETR R50 + aug/LR ciclico,test,bbox,75,0.5,S-IoU,402,216,107,65.0485436893204,78.97838899803537,71.33984028393967
codetr_r50_aug,Co-DETR R50 + aug/LR ciclico,test,bbox,75,0.6,IoU,440,160,250,73.33333333333333,63.76811594202898,68.21705426356588
codetr_r50_aug,Co-DETR R50 + aug/LR ciclico,test,bbox,75,0.6,S-IoU,401,199,117,66.83333333333333,77.41312741312741,71.73524150268335
codetr_r50_aug,Co-DETR R50 + aug/LR ciclico,test,bbox,75,0.7,IoU,436,150,254,74.40273037542661,63.18840579710145,68.3385579937304
codetr_r50_aug,Co-DETR R50 + aug/LR ciclico,test,bbox,75,0.7,S-IoU,397,189,127,67.74744027303754,75.76335877862596,71.53153153153153
codetr_r50_aug,Co-DETR R50 + aug/LR ciclico,test,bbox,75,0.8,IoU,430,136,260,75.97173144876325,62.31884057971014,68.47133757961782
codetr_r50_aug,Co-DETR R50 + aug/LR ciclico,test,bbox,75,0.8,S-IoU,390,176,138,68.90459363957598,73.86363636363636,71.29798903107861
codetr_r50_aug,Co-DETR R50 + aug/LR ciclico,test,bbox,75,0.9,IoU,420,117,270,78.2122905027933,60.86956521739131,68.45965770171149
codetr_r50_aug,Co-DETR R50 + aug/LR ciclico,test,bbox,75,0.9,S-IoU,381,156,160,70.94972067039106,70.42513863216267,70.68645640074213
codetr_r50_v1,Co-DETR R50 (config inicial),test,bbox,50,0.05,IoU,518,2947,172,14.949494949494948,75.07246376811594,24.9338146811071
codetr_r50_v1,Co-DETR R50 (config inicial),test,bbox,50,0.05,S-IoU,1473,1992,32,42.51082251082251,97.87375415282392,59.27565392354124
codetr_r50_v1,Co-DETR R50 (config inicial),test,bbox,50,0.1,IoU,509,1844,181,21.631959201019974,73.76811594202898,33.453828458757805
codetr_r50_v1,Co-DETR R50 (config inicial),test,bbox,50,0.1,S-IoU,1224,1129,37,52.01869953251169,97.06582077716098,67.7365799667958
codetr_r50_v1,Co-DETR R50 (config inicial),test,bbox,50,0.2,IoU,493,990,197,33.2434254888739,71.44927536231884,45.37505752416015
codetr_r50_v1,Co-DETR R50 (config inicial),test,bbox,50,0.2,S-IoU,909,574,56,61.29467296021578,94.19689119170984,74.26470588235294
codetr_r50_v1,Co-DETR R50 (config inicial),test,bbox,50,0.25,IoU,485,749,205,39.3030794165316,70.28985507246377,50.41580041580042
codetr_r50_v1,Co-DETR R50 (config inicial),test,bbox,50,0.25,S-IoU,800,434,67,64.82982171799027,92.2722029988466,76.15421227986673
codetr_r50_v1,Co-DETR R50 (config inicial),test,bbox,50,0.3,IoU,477,598,213,44.372093023255815,69.1304347826087,54.05099150141643
codetr_r50_v1,Co-DETR R50 (config inicial),test,bbox,50,0.3,S-IoU,724,351,84,67.34883720930233,89.60396039603961,76.89856611789698
codetr_r50_v1,Co-DETR R50 (config inicial),test,bbox,50,0.4,IoU,432,339,258,56.03112840466926,62.60869565217392,59.13757700205339
codetr_r50_v1,Co-DETR R50 (config inicial),test,bbox,50,0.4,S-IoU,550,221,139,71.33592736705577,79.82583454281567,75.34246575342466
codetr_r50_v1,Co-DETR R50 (config inicial),test,bbox,50,0.5,IoU,363,171,327,67.97752808988764,52.60869565217391,59.31372549019609
codetr_r50_v1,Co-DETR R50 (config inicial),test,bbox,50,0.5,S-IoU,405,129,237,75.84269662921348,63.084112149532714,68.87755102040816
codetr_r50_v1,Co-DETR R50 (config inicial),test,bbox,50,0.6,IoU,267,81,423,76.72413793103449,38.69565217391304,51.4450867052023
codetr_r50_v1,Co-DETR R50 (config inicial),test,bbox,50,0.6,S-IoU,271,77,364,77.87356321839081,42.67716535433071,55.137334689725336
codetr_r50_v1,Co-DETR R50 (config inicial),test,bbox,50,0.7,IoU,168,31,522,84.42211055276381,24.347826086956523,37.79527559055118
codetr_r50_v1,Co-DETR R50 (config inicial),test,bbox,50,0.7,S-IoU,162,37,489,81.4070351758794,24.88479262672811,38.117647058823536
codetr_r50_v1,Co-DETR R50 (config inicial),test,bbox,50,0.8,IoU,65,8,625,89.04109589041096,9.420289855072465,17.03800786369594
codetr_r50_v1,Co-DETR R50 (config inicial),test,bbox,50,0.8,S-IoU,65,8,614,89.04109589041096,9.572901325478647,17.287234042553195
codetr_r50_v1,Co-DETR R50 (config inicial),test,bbox,50,0.9,IoU,1,0,689,100.0,0.14492753623188406,0.28943560057887124
codetr_r50_v1,Co-DETR R50 (config inicial),test,bbox,50,0.9,S-IoU,1,0,689,100.0,0.14492753623188406,0.28943560057887124
codetr_r50_v1,Co-DETR R50 (config inicial),test,bbox,75,0.05,IoU,273,3192,417,7.878787878787878,39.565217391304344,13.140794223826715
codetr_r50_v1,Co-DETR R50 (config inicial),test,bbox,75,0.05,S-IoU,723,2742,91,20.865800865800864,88.82063882063882,33.79294227623276
codetr_r50_v1,Co-DETR R50 (config inicial),test,bbox,75,0.1,IoU,270,2083,420,11.474713132171695,39.130434782608695,17.745645744331252
codetr_r50_v1,Co-DETR R50 (config inicial),test,bbox,75,0.1,S-IoU,646,1707,107,27.454313642158944,85.79017264276229,41.596909207984545
codetr_r50_v1,Co-DETR R50 (config inicial),test,bbox,75,0.2,IoU,259,1224,431,17.4645987862441,37.53623188405797,23.838011965025313
codetr_r50_v1,Co-DETR R50 (config inicial),test,bbox,75,0.2,S-IoU,503,980,146,33.91773432231962,77.50385208012327,47.18574108818011
codetr_r50_v1,Co-DETR R50 (config inicial),test,bbox,75,0.25,IoU,256,978,434,20.74554294975689,37.10144927536232,26.611226611226606
codetr_r50_v1,Co-DETR R50 (config inicial),test,bbox,75,0.25,S-IoU,456,778,170,36.95299837925446,72.84345047923323,49.03225806451613
codetr_r50_v1,Co-DETR R50 (config inicial),test,bbox,75,0.3,IoU,251,824,439,23.348837209302324,36.3768115942029,28.44192634560907
codetr_r50_v1,Co-DETR R50 (config inicial),test,bbox,75,0.3,S-IoU,420,655,193,39.06976744186046,68.51549755301795,49.763033175355446
codetr_r50_v1,Co-DETR R50 (config inicial),test,bbox,75,0.4,IoU,223,548,467,28.92347600518807,32.31884057971015,30.527036276522928
codetr_r50_v1,Co-DETR R50 (config inicial),test,bbox,75,0.4,S-IoU,328,443,251,42.54215304798962,56.649395509499136,48.592592592592595
codetr_r50_v1,Co-DETR R50 (config inicial),test,bbox,75,0.5,IoU,198,336,492,37.07865168539326,28.695652173913043,32.35294117647059
codetr_r50_v1,Co-DETR R50 (config inicial),test,bbox,75,0.5,S-IoU,266,268,339,49.812734082397,43.96694214876033,46.707638279192274
codetr_r50_v1,Co-DETR R50 (config inicial),test,bbox,75,0.6,IoU,151,197,539,43.39080459770115,21.884057971014492,29.09441233140655
codetr_r50_v1,Co-DETR R50 (config inicial),test,bbox,75,0.6,S-IoU,189,159,444,54.310344827586206,29.85781990521327,38.53211009174312
codetr_r50_v1,Co-DETR R50 (config inicial),test,bbox,75,0.7,IoU,102,97,588,51.256281407035175,14.782608695652174,22.94713160854893
codetr_r50_v1,Co-DETR R50 (config inicial),test,bbox,75,0.7,S-IoU,121,78,539,60.80402010050251,18.333333333333332,28.172293364377182
codetr_r50_v1,Co-DETR R50 (config inicial),test,bbox,75,0.8,IoU,43,30,647,58.9041095890411,6.231884057971015,11.27129750982962
codetr_r50_v1,Co-DETR R50 (config inicial),test,bbox,75,0.8,S-IoU,48,25,634,65.75342465753424,7.038123167155426,12.71523178807947
codetr_r50_v1,Co-DETR R50 (config inicial),test,bbox,75,0.9,IoU,1,0,689,100.0,0.14492753623188406,0.28943560057887124
codetr_r50_v1,Co-DETR R50 (config inicial),test,bbox,75,0.9,S-IoU,1,0,689,100.0,0.14492753623188406,0.28943560057887124
co_deform_swinL,Co-Deformable-DETR Swin-L,test,bbox,50,0.05,IoU,669,1531,21,30.409090909090907,96.95652173913044,46.29757785467127
co_deform_swinL,Co-Deformable-DETR Swin-L,test,bbox,50,0.05,S-IoU,625,1575,3,28.40909090909091,99.52229299363057,44.200848656294205
co_deform_swinL,Co-Deformable-DETR Swin-L,test,bbox,50,0.1,IoU,659,745,31,46.93732193732193,95.5072463768116,62.94173829990448
co_deform_swinL,Co-Deformable-DETR Swin-L,test,bbox,50,0.1,S-IoU,588,816,7,41.88034188034188,98.82352941176471,58.82941470735368
co_deform_swinL,Co-Deformable-DETR Swin-L,test,bbox,50,0.2,IoU,641,258,49,71.30144605116796,92.89855072463769,80.67967275015732
co_deform_swinL,Co-Deformable-DETR Swin-L,test,bbox,50,0.2,S-IoU,550,349,17,61.179087875417125,97.00176366843033,75.03410641200544
co_deform_swinL,Co-Deformable-DETR Swin-L,test,bbox,50,0.25,IoU,631,191,59,76.7639902676399,91.44927536231884,83.46560846560848
co_deform_swinL,Co-Deformable-DETR Swin-L,test,bbox,50,0.25,S-IoU,536,286,20,65.20681265206812,96.40287769784173,77.79390420899855
co_deform_swinL,Co-Deformable-DETR Swin-L,test,bbox,50,0.3,IoU,614,135,76,81.97596795727637,88.98550724637681,85.33703961084086
co_deform_swinL,Co-Deformable-DETR Swin-L,test,bbox,50,0.3,S-IoU,519,230,26,69.29238985313752,95.22935779816514,80.21638330757341
co_deform_swinL,Co-Deformable-DETR Swin-L,test,bbox,50,0.4,IoU,587,71,103,89.209726443769,85.07246376811595,87.09198813056379
co_deform_swinL,Co-Deformable-DETR Swin-L,test,bbox,50,0.4,S-IoU,497,161,47,75.53191489361703,91.36029411764706,82.6955074875208
co_deform_swinL,Co-Deformable-DETR Swin-L,test,bbox,50,0.5,IoU,560,39,130,93.48914858096829,81.15942028985508,86.88906128782003
co_deform_swinL,Co-Deformable-DETR Swin-L,test,bbox,50,0.5,S-IoU,476,123,82,79.46577629382304,85.30465949820788,82.28176318063959
co_deform_swinL,Co-Deformable-DETR Swin-L,test,bbox,50,0.6,IoU,534,23,156,95.87073608617594,77.39130434782608,85.64554931836406
co_deform_swinL,Co-Deformable-DETR Swin-L,test,bbox,50,0.6,S-IoU,457,100,118,82.04667863554758,79.47826086956522,80.74204946996467
co_deform_swinL,Co-Deformable-DETR Swin-L,test,bbox,50,0.7,IoU,507,14,183,97.31285988483685,73.47826086956522,83.73245251857969
co_deform_swinL,Co-Deformable-DETR Swin-L,test,bbox,50,0.7,S-IoU,442,79,155,84.83685220729367,74.03685092127303,79.06976744186048
co_deform_swinL,Co-Deformable-DETR Swin-L,test,bbox,50,0.8,IoU,462,10,228,97.88135593220339,66.95652173913044,79.51807228915662
co_deform_swinL,Co-Deformable-DETR Swin-L,test,bbox,50,0.8,S-IoU,406,66,202,86.01694915254238,66.77631578947368,75.18518518518519
co_deform_swinL,Co-Deformable-DETR Swin-L,test,bbox,50,0.9,IoU,349,3,341,99.14772727272727,50.57971014492754,66.98656429942419
co_deform_swinL,Co-Deformable-DETR Swin-L,test,bbox,50,0.9,S-IoU,320,32,327,90.9090909090909,49.45904173106646,64.06406406406407
co_deform_swinL,Co-Deformable-DETR Swin-L,test,bbox,75,0.05,IoU,596,1604,94,27.090909090909093,86.37681159420289,41.245674740484425
co_deform_swinL,Co-Deformable-DETR Swin-L,test,bbox,75,0.05,S-IoU,504,1696,15,22.90909090909091,97.10982658959537,37.072453107760204
co_deform_swinL,Co-Deformable-DETR Swin-L,test,bbox,75,0.1,IoU,586,818,104,41.73789173789174,84.92753623188406,55.9694364851958
co_deform_swinL,Co-Deformable-DETR Swin-L,test,bbox,75,0.1,S-IoU,484,920,21,34.472934472934476,95.84158415841584,50.707176532215826
co_deform_swinL,Co-Deformable-DETR Swin-L,test,bbox,75,0.2,IoU,569,330,121,63.29254727474972,82.46376811594203,71.61736941472626
co_deform_swinL,Co-Deformable-DETR Swin-L,test,bbox,75,0.2,S-IoU,463,436,31,51.50166852057843,93.7246963562753,66.47523330940416
co_deform_swinL,Co-Deformable-DETR Swin-L,test,bbox,75,0.25,IoU,560,262,130,68.1265206812652,81.15942028985508,74.07407407407408
co_deform_swinL,Co-Deformable-DETR Swin-L,test,bbox,75,0.25,S-IoU,457,365,34,55.59610705596108,93.07535641547861,69.61157654226962
co_deform_swinL,Co-Deformable-DETR Swin-L,test,bbox,75,0.3,IoU,548,201,142,73.16421895861149,79.42028985507247,76.16400277970813
co_deform_swinL,Co-Deformable-DETR Swin-L,test,bbox,75,0.3,S-IoU,448,301,43,59.813084112149525,91.24236252545825,72.25806451612904
co_deform_swinL,Co-Deformable-DETR Swin-L,test,bbox,75,0.4,IoU,525,133,165,79.7872340425532,76.08695652173914,77.89317507418397
co_deform_swinL,Co-Deformable-DETR Swin-L,test,bbox,75,0.4,S-IoU,434,224,69,65.95744680851064,86.28230616302187,74.7631352282515
co_deform_swinL,Co-Deformable-DETR Swin-L,test,bbox,75,0.5,IoU,508,91,182,84.80801335559266,73.62318840579711,78.82079131109387
co_deform_swinL,Co-Deformable-DETR Swin-L,test,bbox,75,0.5,S-IoU,419,180,103,69.94991652754591,80.26819923371647,74.75468331846565
co_deform_swinL,Co-Deformable-DETR Swin-L,test,bbox,75,0.6,IoU,493,64,197,88.50987432675045,71.44927536231884,79.06976744186048
co_deform_swinL,Co-Deformable-DETR Swin-L,test,bbox,75,0.6,S-IoU,404,153,134,72.5314183123878,75.09293680297398,73.78995433789956
co_deform_swinL,Co-Deformable-DETR Swin-L,test,bbox,75,0.7,IoU,469,52,221,90.01919385796545,67.97101449275362,77.45664739884394
co_deform_swinL,Co-Deformable-DETR Swin-L,test,bbox,75,0.7,S-IoU,391,130,170,75.04798464491363,69.6969696969697,72.2735674676525
co_deform_swinL,Co-Deformable-DETR Swin-L,test,bbox,75,0.8,IoU,434,38,256,91.94915254237289,62.89855072463768,74.69879518072288
co_deform_swinL,Co-Deformable-DETR Swin-L,test,bbox,75,0.8,S-IoU,362,110,216,76.69491525423729,62.629757785467135,68.95238095238095
co_deform_swinL,Co-Deformable-DETR Swin-L,test,bbox,75,0.9,IoU,338,14,352,96.02272727272727,48.98550724637681,64.87523992322457
co_deform_swinL,Co-Deformable-DETR Swin-L,test,bbox,75,0.9,S-IoU,292,60,333,82.95454545454545,46.72,59.77482088024565
co_dino_swinL,Co-DINO Swin-L,test,bbox,50,0.05,IoU,686,2384,4,22.34527687296417,99.42028985507247,36.48936170212767
co_dino_swinL,Co-DINO Swin-L,test,bbox,50,0.05,S-IoU,704,2366,1,22.93159609120521,99.8581560283688,37.29801324503311
co_dino_swinL,Co-DINO Swin-L,test,bbox,50,0.1,IoU,680,1204,10,36.09341825902335,98.55072463768117,52.836052836052836
co_dino_swinL,Co-DINO Swin-L,test,bbox,50,0.1,S-IoU,650,1234,5,34.50106157112526,99.23664122137404,51.201260338716025
co_dino_swinL,Co-DINO Swin-L,test,bbox,50,0.2,IoU,670,421,20,61.4115490375802,97.10144927536231,75.23862998315552
co_dino_swinL,Co-DINO Swin-L,test,bbox,50,0.2,S-IoU,598,493,9,54.81209899175069,98.5172981878089,70.43580683156655
co_dino_swinL,Co-DINO Swin-L,test,bbox,50,0.25,IoU,657,279,33,70.1923076923077,95.21739130434783,80.81180811808119
co_dino_swinL,Co-DINO Swin-L,test,bbox,50,0.25,S-IoU,574,362,15,61.32478632478633,97.45331069609507,75.27868852459017
co_dino_swinL,Co-DINO Swin-L,test,bbox,50,0.3,IoU,632,194,58,76.51331719128329,91.59420289855072,83.37730870712402
co_dino_swinL,Co-DINO Swin-L,test,bbox,50,0.3,S-IoU,557,269,18,67.43341404358354,96.86956521739131,79.5146324054247
co_dino_swinL,Co-DINO Swin-L,test,bbox,50,0.4,IoU,602,89,88,87.12011577424023,87.2463768115942,87.18320057929037
co_dino_swinL,Co-DINO Swin-L,test,bbox,50,0.4,S-IoU,525,166,36,75.97684515195368,93.58288770053476,83.86581469648561
co_dino_swinL,Co-DINO Swin-L,test,bbox,50,0.5,IoU,568,44,122,92.81045751633987,82.31884057971014,87.25038402457757
co_dino_swinL,Co-DINO Swin-L,test,bbox,50,0.5,S-IoU,493,119,75,80.55555555555556,86.79577464788733,83.55932203389831
co_dino_swinL,Co-DINO Swin-L,test,bbox,50,0.6,IoU,510,18,180,96.5909090909091,73.91304347826086,83.743842364532
co_dino_swinL,Co-DINO Swin-L,test,bbox,50,0.6,S-IoU,448,80,139,84.84848484848484,76.32027257240205,80.35874439461882
co_dino_swinL,Co-DINO Swin-L,test,bbox,50,0.7,IoU,442,5,248,98.88143176733782,64.05797101449275,77.74846086191734
co_dino_swinL,Co-DINO Swin-L,test,bbox,50,0.7,S-IoU,389,58,232,87.02460850111858,62.64090177133655,72.84644194756555
co_dino_swinL,Co-DINO Swin-L,test,bbox,50,0.8,IoU,342,0,348,100.0,49.56521739130435,66.27906976744187
co_dino_swinL,Co-DINO Swin-L,test,bbox,50,0.8,S-IoU,307,35,343,89.76608187134502,47.23076923076923,61.895161290322584
co_dino_swinL,Co-DINO Swin-L,test,bbox,50,0.9,IoU,144,0,546,100.0,20.869565217391305,34.53237410071942
co_dino_swinL,Co-DINO Swin-L,test,bbox,50,0.9,S-IoU,140,4,544,97.22222222222221,20.46783625730994,33.81642512077295
co_dino_swinL,Co-DINO Swin-L,test,bbox,75,0.05,IoU,632,2438,58,20.58631921824104,91.59420289855072,33.61702127659574
co_dino_swinL,Co-DINO Swin-L,test,bbox,75,0.05,S-IoU,554,2516,7,18.04560260586319,98.75222816399287,30.515009639217844
co_dino_swinL,Co-DINO Swin-L,test,bbox,75,0.1,IoU,628,1256,62,33.33333333333333,91.01449275362319,48.795648795648795
co_dino_swinL,Co-DINO Swin-L,test,bbox,75,0.1,S-IoU,522,1362,11,27.70700636942675,97.93621013133207,43.19404220107571
co_dino_swinL,Co-DINO Swin-L,test,bbox,75,0.2,IoU,613,478,77,56.18698441796517,88.84057971014492,68.83773161145423
co_dino_swinL,Co-DINO Swin-L,test,bbox,75,0.2,S-IoU,496,595,18,45.46287809349221,96.49805447470817,61.80685358255451
co_dino_swinL,Co-DINO Swin-L,test,bbox,75,0.25,IoU,598,338,92,63.888888888888886,86.66666666666667,73.55473554735548
co_dino_swinL,Co-DINO Swin-L,test,bbox,75,0.25,S-IoU,483,453,25,51.60256410256411,95.07874015748031,66.89750692520776
co_dino_swinL,Co-DINO Swin-L,test,bbox,75,0.3,IoU,577,249,113,69.8547215496368,83.6231884057971,76.12137203166228
co_dino_swinL,Co-DINO Swin-L,test,bbox,75,0.3,S-IoU,472,354,29,57.14285714285714,94.2115768463074,71.13790504898266
co_dino_swinL,Co-DINO Swin-L,test,bbox,75,0.4,IoU,551,140,139,79.73950795947901,79.85507246376812,79.79724837074585
co_dino_swinL,Co-DINO Swin-L,test,bbox,75,0.4,S-IoU,454,237,51,65.70188133140377,89.9009900990099,75.91973244147158
co_dino_swinL,Co-DINO Swin-L,test,bbox,75,0.5,IoU,523,89,167,85.45751633986927,75.79710144927536,80.3379416282642
co_dino_swinL,Co-DINO Swin-L,test,bbox,75,0.5,S-IoU,431,181,87,70.42483660130719,83.20463320463321,76.28318584070797
co_dino_swinL,Co-DINO Swin-L,test,bbox,75,0.6,IoU,476,52,214,90.15151515151516,68.98550724637681,78.16091954022988
co_dino_swinL,Co-DINO Swin-L,test,bbox,75,0.6,S-IoU,400,128,148,75.75757575757575,72.99270072992701,74.34944237918216
co_dino_swinL,Co-DINO Swin-L,test,bbox,75,0.7,IoU,423,24,267,94.63087248322147,61.30434782608696,74.40633245382587
co_dino_swinL,Co-DINO Swin-L,test,bbox,75,0.7,S-IoU,356,91,235,79.64205816554811,60.236886632825716,68.59344894026975
co_dino_swinL,Co-DINO Swin-L,test,bbox,75,0.8,IoU,332,10,358,97.07602339181285,48.11594202898551,64.34108527131784
co_dino_swinL,Co-DINO Swin-L,test,bbox,75,0.8,S-IoU,281,61,347,82.16374269005848,44.745222929936304,57.938144329896915
co_dino_swinL,Co-DINO Swin-L,test,bbox,75,0.9,IoU,144,0,546,100.0,20.869565217391305,34.53237410071942
co_dino_swinL,Co-DINO Swin-L,test,bbox,75,0.9,S-IoU,131,13,545,90.97222222222221,19.37869822485207,31.951219512195124
co_dino_swinL,Co-DINO Swin-L,field_work,bbox,50,0.05,IoU,944,7833,827,10.755383388401505,53.30321852060983,17.899127796738718
co_dino_swinL,Co-DINO Swin-L,field_work,bbox,50,0.05,S-IoU,1155,7622,539,13.159393870342942,68.18181818181817,22.060930188138673
co_dino_swinL,Co-DINO Swin-L,field_work,bbox,50,0.1,IoU,915,4425,856,17.134831460674157,51.66572557876906,25.734777105892277
co_dino_swinL,Co-DINO Swin-L,field_work,bbox,50,0.1,S-IoU,977,4363,602,18.295880149812735,61.87460417986067,28.24107529989883
co_dino_swinL,Co-DINO Swin-L,field_work,bbox,50,0.2,IoU,846,2017,925,29.549423681453018,47.76962168266516,36.51273198100993
co_dino_swinL,Co-DINO Swin-L,field_work,bbox,50,0.2,S-IoU,790,2073,675,27.59343346140412,53.92491467576792,36.50646950092422
co_dino_swinL,Co-DINO Swin-L,field_work,bbox,50,0.25,IoU,796,1476,975,35.03521126760563,44.94635798983625,39.376700469948055
co_dino_swinL,Co-DINO Swin-L,field_work,bbox,50,0.25,S-IoU,708,1564,718,31.161971830985912,49.64936886395512,38.29096809085992
co_dino_swinL,Co-DINO Swin-L,field_work,bbox,50,0.3,IoU,736,1109,1035,39.891598915989164,41.55844155844156,40.707964601769916
co_dino_swinL,Co-DINO Swin-L,field_work,bbox,50,0.3,S-IoU,629,1216,761,34.09214092140921,45.25179856115108,38.887171561051005
co_dino_swinL,Co-DINO Swin-L,field_work,bbox,50,0.4,IoU,615,700,1156,46.7680608365019,34.7261434217956,39.857420609202855
co_dino_swinL,Co-DINO Swin-L,field_work,bbox,50,0.4,S-IoU,497,818,884,37.79467680608365,35.98841419261405,36.86943620178042
co_dino_swinL,Co-DINO Swin-L,field_work,bbox,50,0.5,IoU,482,504,1289,48.88438133874239,27.216261998870696,34.96554225607545
co_dino_swinL,Co-DINO Swin-L,field_work,bbox,50,0.5,S-IoU,380,606,1125,38.5395537525355,25.249169435215947,30.509835407466884
co_dino_swinL,Co-DINO Swin-L,field_work,bbox,50,0.6,IoU,358,400,1413,47.229551451187334,20.214568040655,28.311585606959273
co_dino_swinL,Co-DINO Swin-L,field_work,bbox,50,0.6,S-IoU,295,463,1312,38.91820580474934,18.357187305538268,24.947145877378432
co_dino_swinL,Co-DINO Swin-L,field_work,bbox,50,0.7,IoU,252,304,1519,45.32374100719424,14.229249011857709,21.658788139235067
co_dino_swinL,Co-DINO Swin-L,field_work,bbox,50,0.7,S-IoU,216,340,1453,38.84892086330935,12.941881366087477,19.415730337078653
co_dino_swinL,Co-DINO Swin-L,field_work,bbox,50,0.8,IoU,151,218,1620,40.921409214092144,8.526256352343308,14.11214953271028
co_dino_swinL,Co-DINO Swin-L,field_work,bbox,50,0.8,S-IoU,134,235,1574,36.31436314363143,7.845433255269321,12.903225806451612
co_dino_swinL,Co-DINO Swin-L,field_work,bbox,50,0.9,IoU,35,76,1736,31.53153153153153,1.9762845849802373,3.7194473963868226
co_dino_swinL,Co-DINO Swin-L,field_work,bbox,50,0.9,S-IoU,38,73,1722,34.234234234234236,2.159090909090909,4.061998931052912
co_dino_swinL,Co-DINO Swin-L,field_work,bbox,75,0.05,IoU,470,8307,1301,5.354904864988037,26.538678712591757,8.911642017444066
co_dino_swinL,Co-DINO Swin-L,field_work,bbox,75,0.05,S-IoU,604,8173,697,6.881622422239945,46.425826287471175,11.986505258979955
co_dino_swinL,Co-DINO Swin-L,field_work,bbox,75,0.1,IoU,459,4881,1312,8.595505617977528,25.917560700169396,12.90957671213613
co_dino_swinL,Co-DINO Swin-L,field_work,bbox,75,0.1,S-IoU,516,4824,792,9.662921348314606,39.44954128440367,15.523465703971121
co_dino_swinL,Co-DINO Swin-L,field_work,bbox,75,0.2,IoU,421,2442,1350,14.704855047153337,23.771880293619425,18.17004747518343
co_dino_swinL,Co-DINO Swin-L,field_work,bbox,75,0.2,S-IoU,427,2436,885,14.91442542787286,32.545731707317074,20.45508982035928
co_dino_swinL,Co-DINO Swin-L,field_work,bbox,75,0.25,IoU,402,1870,1369,17.693661971830984,22.69904009034444,19.886223101657187
co_dino_swinL,Co-DINO Swin-L,field_work,bbox,75,0.25,S-IoU,390,1882,929,17.16549295774648,29.567854435178166,21.720969089390145
co_dino_swinL,Co-DINO Swin-L,field_work,bbox,75,0.3,IoU,383,1462,1388,20.758807588075882,21.626199887069454,21.183628318584073
co_dino_swinL,Co-DINO Swin-L,field_work,bbox,75,0.3,S-IoU,351,1494,969,19.024390243902438,26.590909090909093,22.18009478672986
co_dino_swinL,Co-DINO Swin-L,field_work,bbox,75,0.4,IoU,332,983,1439,25.247148288973385,18.746470920383963,21.516526247569672
co_dino_swinL,Co-DINO Swin-L,field_work,bbox,75,0.4,S-IoU,290,1025,1082,22.0532319391635,21.137026239067055,21.585411239300335
co_dino_swinL,Co-DINO Swin-L,field_work,bbox,75,0.5,IoU,262,724,1509,26.57200811359026,14.793901750423489,19.006166122597023
co_dino_swinL,Co-DINO Swin-L,field_work,bbox,75,0.5,S-IoU,227,759,1285,23.02231237322515,15.013227513227514,18.174539631705365
co_dino_swinL,Co-DINO Swin-L,field_work,bbox,75,0.6,IoU,210,548,1561,27.70448548812665,11.857707509881422,16.6073546856465
co_dino_swinL,Co-DINO Swin-L,field_work,bbox,75,0.6,S-IoU,182,576,1435,24.010554089709764,11.255411255411255,15.326315789473686
co_dino_swinL,Co-DINO Swin-L,field_work,bbox,75,0.7,IoU,155,401,1616,27.87769784172662,8.752117447769622,13.321873657069188
co_dino_swinL,Co-DINO Swin-L,field_work,bbox,75,0.7,S-IoU,139,417,1537,25.0,8.293556085918855,12.455197132616489
co_dino_swinL,Co-DINO Swin-L,field_work,bbox,75,0.8,IoU,97,272,1674,26.287262872628723,5.4771315640880855,9.065420560747665
co_dino_swinL,Co-DINO Swin-L,field_work,bbox,75,0.8,S-IoU,84,285,1628,22.76422764227642,4.906542056074766,8.07304180682364
co_dino_swinL,Co-DINO Swin-L,field_work,bbox,75,0.9,IoU,19,92,1752,17.117117117117118,1.0728402032749857,2.0191285866099893
co_dino_swinL,Co-DINO Swin-L,field_work,bbox,75,0.9,S-IoU,22,89,1741,19.81981981981982,1.2478729438457177,2.3479188900747068
co_dino_swinL_v1,Co-DINO Swin-L (v1),test,bbox,50,0.05,IoU,678,1515,12,30.91655266757866,98.26086956521739,47.034339229968786
co_dino_swinL_v1,Co-DINO Swin-L (v1),test,bbox,50,0.05,S-IoU,642,1551,2,29.2749658002736,99.68944099378882,45.25907648924921
co_dino_swinL_v1,Co-DINO Swin-L (v1),test,bbox,50,0.1,IoU,672,869,18,43.608046722907204,97.3913043478261,60.24204392649036
co_dino_swinL_v1,Co-DINO Swin-L (v1),test,bbox,50,0.1,S-IoU,614,927,5,39.844256975989616,99.19224555735056,56.85185185185184
co_dino_swinL_v1,Co-DINO Swin-L (v1),test,bbox,50,0.2,IoU,656,356,34,64.82213438735178,95.07246376811594,77.08578143360752
co_dino_swinL_v1,Co-DINO Swin-L (v1),test,bbox,50,0.2,S-IoU,578,434,11,57.11462450592886,98.13242784380306,72.20487195502811
co_dino_swinL_v1,Co-DINO Swin-L (v1),test,bbox,50,0.25,IoU,648,253,42,71.92008879023307,93.91304347826087,81.45820238843496
co_dino_swinL_v1,Co-DINO Swin-L (v1),test,bbox,50,0.25,S-IoU,563,338,13,62.48612652608213,97.74305555555556,76.23561272850374
co_dino_swinL_v1,Co-DINO Swin-L (v1),test,bbox,50,0.3,IoU,632,182,58,77.64127764127764,91.59420289855072,84.04255319148938
co_dino_swinL_v1,Co-DINO Swin-L (v1),test,bbox,50,0.3,S-IoU,548,266,19,67.32186732186733,96.64902998236332,79.36278059377261
co_dino_swinL_v1,Co-DINO Swin-L (v1),test,bbox,50,0.4,IoU,611,97,79,86.29943502824858,88.55072463768116,87.41058655221744
co_dino_swinL_v1,Co-DINO Swin-L (v1),test,bbox,50,0.4,S-IoU,526,182,29,74.29378531073446,94.77477477477477,83.29374505146477
co_dino_swinL_v1,Co-DINO Swin-L (v1),test,bbox,50,0.5,IoU,582,59,108,90.79563182527302,84.34782608695653,87.45304282494365
co_dino_swinL_v1,Co-DINO Swin-L (v1),test,bbox,50,0.5,S-IoU,506,135,53,78.93915756630265,90.51878354203936,84.33333333333334
co_dino_swinL_v1,Co-DINO Swin-L (v1),test,bbox,50,0.6,IoU,542,35,148,93.93414211438474,78.55072463768116,85.55643251775848
co_dino_swinL_v1,Co-DINO Swin-L (v1),test,bbox,50,0.6,S-IoU,474,103,106,82.14904679376083,81.72413793103448,81.93604148660329
co_dino_swinL_v1,Co-DINO Swin-L (v1),test,bbox,50,0.7,IoU,504,17,186,96.73704414587331,73.04347826086956,83.23699421965317
co_dino_swinL_v1,Co-DINO Swin-L (v1),test,bbox,50,0.7,S-IoU,445,76,156,85.41266794625719,74.04326123128119,79.32263814616756
co_dino_swinL_v1,Co-DINO Swin-L (v1),test,bbox,50,0.8,IoU,424,4,266,99.06542056074767,61.44927536231884,75.84973166368516
co_dino_swinL_v1,Co-DINO Swin-L (v1),test,bbox,50,0.8,S-IoU,381,47,243,89.01869158878505,61.057692307692314,72.43346007604563
co_dino_swinL_v1,Co-DINO Swin-L (v1),test,bbox,50,0.9,IoU,233,1,457,99.57264957264957,33.768115942028984,50.43290043290044
co_dino_swinL_v1,Co-DINO Swin-L (v1),test,bbox,50,0.9,S-IoU,217,17,440,92.73504273504274,33.02891933028919,48.70931537598204
co_dino_swinL_v1,Co-DINO Swin-L (v1),test,bbox,75,0.05,IoU,607,1586,83,27.678978568171452,87.97101449275362,42.10891432535553
co_dino_swinL_v1,Co-DINO Swin-L (v1),test,bbox,75,0.05,S-IoU,517,1676,10,23.575011399908803,98.10246679316889,38.01470588235294
co_dino_swinL_v1,Co-DINO Swin-L (v1),test,bbox,75,0.1,IoU,602,939,88,39.0655418559377,87.2463768115942,53.966831017480956
co_dino_swinL_v1,Co-DINO Swin-L (v1),test,bbox,75,0.1,S-IoU,506,1035,15,32.83582089552239,97.12092130518234,49.07856450048497
co_dino_swinL_v1,Co-DINO Swin-L (v1),test,bbox,75,0.2,IoU,586,426,104,57.905138339920946,84.92753623188406,68.86016451233841
co_dino_swinL_v1,Co-DINO Swin-L (v1),test,bbox,75,0.2,S-IoU,485,527,22,47.92490118577075,95.66074950690336,63.85780118499012
co_dino_swinL_v1,Co-DINO Swin-L (v1),test,bbox,75,0.25,IoU,577,324,113,64.03995560488346,83.6231884057971,72.53299811439346
co_dino_swinL_v1,Co-DINO Swin-L (v1),test,bbox,75,0.25,S-IoU,477,424,26,52.94117647058824,94.83101391650099,67.94871794871796
co_dino_swinL_v1,Co-DINO Swin-L (v1),test,bbox,75,0.3,IoU,562,252,128,69.04176904176904,81.44927536231884,74.73404255319149
co_dino_swinL_v1,Co-DINO Swin-L (v1),test,bbox,75,0.3,S-IoU,466,348,31,57.24815724815725,93.7625754527163,71.09077040427155
co_dino_swinL_v1,Co-DINO Swin-L (v1),test,bbox,75,0.4,IoU,546,162,144,77.11864406779661,79.13043478260869,78.11158798283262
co_dino_swinL_v1,Co-DINO Swin-L (v1),test,bbox,75,0.4,S-IoU,452,256,46,63.84180790960452,90.76305220883533,74.95854063018241
co_dino_swinL_v1,Co-DINO Swin-L (v1),test,bbox,75,0.5,IoU,524,117,166,81.74726989079562,75.94202898550725,78.73779113448535
co_dino_swinL_v1,Co-DINO Swin-L (v1),test,bbox,75,0.5,S-IoU,441,200,69,68.79875195007801,86.47058823529412,76.62901824500435
co_dino_swinL_v1,Co-DINO Swin-L (v1),test,bbox,75,0.6,IoU,499,78,191,86.48180242634315,72.31884057971014,78.76874506708761
co_dino_swinL_v1,Co-DINO Swin-L (v1),test,bbox,75,0.6,S-IoU,416,161,120,72.09705372616985,77.61194029850746,74.7529200359389
co_dino_swinL_v1,Co-DINO Swin-L (v1),test,bbox,75,0.7,IoU,472,49,218,90.59500959692899,68.40579710144927,77.95210569777043
co_dino_swinL_v1,Co-DINO Swin-L (v1),test,bbox,75,0.7,S-IoU,396,125,168,76.00767754318618,70.2127659574468,72.99539170506914
co_dino_swinL_v1,Co-DINO Swin-L (v1),test,bbox,75,0.8,IoU,405,23,285,94.62616822429906,58.69565217391305,72.45080500894456
co_dino_swinL_v1,Co-DINO Swin-L (v1),test,bbox,75,0.8,S-IoU,345,83,250,80.60747663551402,57.98319327731093,67.44868035190616
co_dino_swinL_v1,Co-DINO Swin-L (v1),test,bbox,75,0.9,IoU,227,7,463,97.00854700854701,32.89855072463768,49.13419913419913
co_dino_swinL_v1,Co-DINO Swin-L (v1),test,bbox,75,0.9,S-IoU,197,37,445,84.1880341880342,30.68535825545171,44.97716894977169
co_dino_swinL_v1,Co-DINO Swin-L (v1),field_work,bbox,50,0.05,IoU,922,4959,849,15.67760584934535,52.06098249576511,24.098274960794562
co_dino_swinL_v1,Co-DINO Swin-L (v1),field_work,bbox,50,0.05,S-IoU,975,4906,600,16.578813127019217,61.904761904761905,26.15343347639485
co_dino_swinL_v1,Co-DINO Swin-L (v1),field_work,bbox,50,0.1,IoU,893,3428,878,20.666512381393197,50.42348955392434,29.317137229152983
co_dino_swinL_v1,Co-DINO Swin-L (v1),field_work,bbox,50,0.1,S-IoU,877,3444,632,20.29622772506364,58.117958913187536,30.085763293310464
co_dino_swinL_v1,Co-DINO Swin-L (v1),field_work,bbox,50,0.2,IoU,834,1806,937,31.590909090909093,47.09203839638622,37.81455452278394
co_dino_swinL_v1,Co-DINO Swin-L (v1),field_work,bbox,50,0.2,S-IoU,736,1904,691,27.878787878787882,51.57673440784863,36.19375461027784
co_dino_swinL_v1,Co-DINO Swin-L (v1),field_work,bbox,50,0.25,IoU,793,1342,978,37.142857142857146,44.776962168266515,40.604198668714794
co_dino_swinL_v1,Co-DINO Swin-L (v1),field_work,bbox,50,0.25,S-IoU,665,1470,725,31.147540983606557,47.84172661870504,37.730496453900706
co_dino_swinL_v1,Co-DINO Swin-L (v1),field_work,bbox,50,0.3,IoU,753,1037,1018,42.06703910614525,42.51835121400339,42.291491154170174
co_dino_swinL_v1,Co-DINO Swin-L (v1),field_work,bbox,50,0.3,S-IoU,609,1181,757,34.022346368715084,44.58272327964861,38.59315589353613
co_dino_swinL_v1,Co-DINO Swin-L (v1),field_work,bbox,50,0.4,IoU,653,725,1118,47.38751814223512,36.87182382834557,41.473483645601775
co_dino_swinL_v1,Co-DINO Swin-L (v1),field_work,bbox,50,0.4,S-IoU,508,870,879,36.86502177068215,36.62581110310021,36.74502712477396
co_dino_swinL_v1,Co-DINO Swin-L (v1),field_work,bbox,50,0.5,IoU,551,562,1220,49.50584007187781,31.11236589497459,38.21081830790568
co_dino_swinL_v1,Co-DINO Swin-L (v1),field_work,bbox,50,0.5,S-IoU,431,682,1015,38.72416891284816,29.806362378976488,33.68503321610004
co_dino_swinL_v1,Co-DINO Swin-L (v1),field_work,bbox,50,0.6,IoU,436,467,1335,48.28349944629014,24.618859401468097,32.61032161555722
co_dino_swinL_v1,Co-DINO Swin-L (v1),field_work,bbox,50,0.6,S-IoU,358,545,1175,39.64562569213732,23.352902804957598,29.39244663382594
co_dino_swinL_v1,Co-DINO Swin-L (v1),field_work,bbox,50,0.7,IoU,312,381,1459,45.02164502164502,17.6171654432524,25.324675324675326
co_dino_swinL_v1,Co-DINO Swin-L (v1),field_work,bbox,50,0.7,S-IoU,269,424,1351,38.81673881673882,16.604938271604937,23.259835711197578
co_dino_swinL_v1,Co-DINO Swin-L (v1),field_work,bbox,50,0.8,IoU,190,284,1581,40.08438818565401,10.728402032749859,16.926503340757236
co_dino_swinL_v1,Co-DINO Swin-L (v1),field_work,bbox,50,0.8,S-IoU,173,301,1510,36.49789029535865,10.279263220439692,16.040797403801577
co_dino_swinL_v1,Co-DINO Swin-L (v1),field_work,bbox,50,0.9,IoU,54,136,1717,28.421052631578945,3.0491247882552233,5.50739418663947
co_dino_swinL_v1,Co-DINO Swin-L (v1),field_work,bbox,50,0.9,S-IoU,62,128,1699,32.631578947368425,3.520726859738785,6.355715017939517
co_dino_swinL_v1,Co-DINO Swin-L (v1),field_work,bbox,75,0.05,IoU,452,5429,1319,7.6857677265771125,25.52230378317335,11.813904861474123
co_dino_swinL_v1,Co-DINO Swin-L (v1),field_work,bbox,75,0.05,S-IoU,508,5373,791,8.637986736949498,39.107005388760584,14.150417827298051
co_dino_swinL_v1,Co-DINO Swin-L (v1),field_work,bbox,75,0.1,IoU,433,3888,1338,10.020828511918538,24.44946357989836,14.215364412344055
co_dino_swinL_v1,Co-DINO Swin-L (v1),field_work,bbox,75,0.1,S-IoU,463,3858,832,10.71511224253645,35.75289575289575,16.48860398860399
co_dino_swinL_v1,Co-DINO Swin-L (v1),field_work,bbox,75,0.2,IoU,416,2224,1355,15.757575757575756,23.489553924336533,18.86193606891861
co_dino_swinL_v1,Co-DINO Swin-L (v1),field_work,bbox,75,0.2,S-IoU,398,2242,900,15.075757575757576,30.662557781201848,20.213306246825802
co_dino_swinL_v1,Co-DINO Swin-L (v1),field_work,bbox,75,0.25,IoU,392,1743,1379,18.360655737704917,22.134387351778656,20.07168458781362
co_dino_swinL_v1,Co-DINO Swin-L (v1),field_work,bbox,75,0.25,S-IoU,360,1775,947,16.861826697892273,27.54399387911247,20.918070889018015
co_dino_swinL_v1,Co-DINO Swin-L (v1),field_work,bbox,75,0.3,IoU,371,1419,1400,20.726256983240223,20.948616600790515,20.836843583263132
co_dino_swinL_v1,Co-DINO Swin-L (v1),field_work,bbox,75,0.3,S-IoU,335,1455,981,18.71508379888268,25.455927051671733,21.571152607855765
co_dino_swinL_v1,Co-DINO Swin-L (v1),field_work,bbox,75,0.4,IoU,337,1041,1434,24.455732946298983,19.028797289666855,21.4036201968879
co_dino_swinL_v1,Co-DINO Swin-L (v1),field_work,bbox,75,0.4,S-IoU,293,1085,1093,21.262699564586356,21.139971139971138,21.201157742402312
co_dino_swinL_v1,Co-DINO Swin-L (v1),field_work,bbox,75,0.5,IoU,292,821,1479,26.23539982030548,16.487859966120837,20.249653259362
co_dino_swinL_v1,Co-DINO Swin-L (v1),field_work,bbox,75,0.5,S-IoU,251,862,1204,22.551662174303683,17.25085910652921,19.54828660436137
co_dino_swinL_v1,Co-DINO Swin-L (v1),field_work,bbox,75,0.6,IoU,250,653,1521,27.685492801771872,14.11631846414455,18.69857890800299
co_dino_swinL_v1,Co-DINO Swin-L (v1),field_work,bbox,75,0.6,S-IoU,219,684,1318,24.25249169435216,14.248536109303839,17.95081967213115
co_dino_swinL_v1,Co-DINO Swin-L (v1),field_work,bbox,75,0.7,IoU,187,506,1584,26.984126984126984,10.559006211180124,15.178571428571427
co_dino_swinL_v1,Co-DINO Swin-L (v1),field_work,bbox,75,0.7,S-IoU,162,531,1464,23.376623376623375,9.96309963099631,13.971539456662352
co_dino_swinL_v1,Co-DINO Swin-L (v1),field_work,bbox,75,0.8,IoU,119,355,1652,25.105485232067508,6.719367588932807,10.601336302895323
co_dino_swinL_v1,Co-DINO Swin-L (v1),field_work,bbox,75,0.8,S-IoU,103,371,1581,21.729957805907173,6.116389548693587,9.545875810936053
co_dino_swinL_v1,Co-DINO Swin-L (v1),field_work,bbox,75,0.9,IoU,32,158,1739,16.842105263157894,1.8068887634105024,3.2636409994900557
co_dino_swinL_v1,Co-DINO Swin-L (v1),field_work,bbox,75,0.9,S-IoU,32,158,1725,16.842105263157894,1.821286283437678,3.2871083718541345
mask2former_swinT,Mask2Former Swin-T,test,bbox,50,0.05,IoU,497,1867,193,21.023688663282574,72.02898550724638,32.54747871643746
mask2former_swinT,Mask2Former Swin-T,test,bbox,50,0.05,S-IoU,1314,1050,8,55.58375634517766,99.39485627836612,71.29679869777536
mask2former_swinT,Mask2Former Swin-T,test,bbox,50,0.1,IoU,493,1560,197,24.013638577691186,71.44927536231884,35.94604447685016
mask2former_swinT,Mask2Former Swin-T,test,bbox,50,0.1,S-IoU,1209,844,11,58.88943010228933,99.09836065573771,73.87717690192484
mask2former_swinT,Mask2Former Swin-T,test,bbox,50,0.2,IoU,488,1239,202,28.257093225246095,70.72463768115942,40.38063715349607
mask2former_swinT,Mask2Former Swin-T,test,bbox,50,0.2,S-IoU,1088,639,14,62.9994209612044,98.72958257713249,76.9176387416048
mask2former_swinT,Mask2Former Swin-T,test,bbox,50,0.25,IoU,485,1141,205,29.82779827798278,70.28985507246377,41.88255613126079
mask2former_swinT,Mask2Former Swin-T,test,bbox,50,0.25,S-IoU,1043,583,17,64.14514145141452,98.39622641509433,77.66195085629187
mask2former_swinT,Mask2Former Swin-T,test,bbox,50,0.3,IoU,483,1053,207,31.4453125,70.0,43.39622641509433
mask2former_swinT,Mask2Former Swin-T,test,bbox,50,0.3,S-IoU,1000,536,19,65.10416666666666,98.13542688910697,78.27788649706457
mask2former_swinT,Mask2Former Swin-T,test,bbox,50,0.4,IoU,476,931,214,33.83084577114428,68.98550724637681,45.39818788745828
mask2former_swinT,Mask2Former Swin-T,test,bbox,50,0.4,S-IoU,939,468,22,66.73773987206823,97.71071800208117,79.30743243243244
mask2former_swinT,Mask2Former Swin-T,test,bbox,50,0.5,IoU,465,827,225,35.9907120743034,67.3913043478261,46.92230070635721
mask2former_swinT,Mask2Former Swin-T,test,bbox,50,0.5,S-IoU,885,407,26,68.49845201238391,97.14599341383095,80.34498411257377
mask2former_swinT,Mask2Former Swin-T,test,bbox,50,0.6,IoU,458,722,232,38.813559322033896,66.3768115942029,48.98395721925134
mask2former_swinT,Mask2Former Swin-T,test,bbox,50,0.6,S-IoU,830,350,32,70.33898305084746,96.2877030162413,81.29285014691479
mask2former_swinT,Mask2Former Swin-T,test,bbox,50,0.7,IoU,446,591,244,43.008678881388626,64.6376811594203,51.65026056745803
mask2former_swinT,Mask2Former Swin-T,test,bbox,50,0.7,S-IoU,756,281,44,72.90260366441659,94.5,82.30811105062602
mask2former_swinT,Mask2Former Swin-T,test,bbox,50,0.8,IoU,422,419,268,50.178359096313905,61.15942028985507,55.127367733507505
mask2former_swinT,Mask2Former Swin-T,test,bbox,50,0.8,S-IoU,647,194,61,76.93222354340071,91.38418079096046,83.53776630083925
mask2former_swinT,Mask2Former Swin-T,test,bbox,50,0.9,IoU,365,190,325,65.76576576576578,52.89855072463768,58.634538152610446
mask2former_swinT,Mask2Former Swin-T,test,bbox,50,0.9,S-IoU,459,96,173,82.70270270270271,72.62658227848101,77.33782645324347
mask2former_swinT,Mask2Former Swin-T,test,bbox,75,0.05,IoU,342,2022,348,14.467005076142131,49.56521739130435,22.396856581532415
mask2former_swinT,Mask2Former Swin-T,test,bbox,75,0.05,S-IoU,960,1404,27,40.609137055837564,97.26443768996961,57.296329453894366
mask2former_swinT,Mask2Former Swin-T,test,bbox,75,0.1,IoU,338,1715,352,16.463711641500247,48.98550724637681,24.644549763033176
mask2former_swinT,Mask2Former Swin-T,test,bbox,75,0.1,S-IoU,882,1171,30,42.96151972722845,96.71052631578947,59.49409780775717
mask2former_swinT,Mask2Former Swin-T,test,bbox,75,0.2,IoU,334,1393,356,19.339895773016792,48.40579710144928,27.637567232105916
mask2former_swinT,Mask2Former Swin-T,test,bbox,75,0.2,S-IoU,798,929,38,46.207295888824554,95.45454545454545,62.27077643386657
mask2former_swinT,Mask2Former Swin-T,test,bbox,75,0.25,IoU,331,1295,359,20.35670356703567,47.971014492753625,28.583765112262522
mask2former_swinT,Mask2Former Swin-T,test,bbox,75,0.25,S-IoU,772,854,43,47.478474784747846,94.7239263803681,63.252765260139284
mask2former_swinT,Mask2Former Swin-T,test,bbox,75,0.3,IoU,329,1207,361,21.419270833333336,47.68115942028985,29.559748427672954
mask2former_swinT,Mask2Former Swin-T,test,bbox,75,0.3,S-IoU,739,797,44,48.11197916666667,94.38058748403576,63.73436826218198
mask2former_swinT,Mask2Former Swin-T,test,bbox,75,0.4,IoU,321,1086,369,22.81449893390192,46.52173913043478,30.61516452074392
mask2former_swinT,Mask2Former Swin-T,test,bbox,75,0.4,S-IoU,701,706,46,49.82231698649609,93.84203480589022,65.08820798514392
mask2former_swinT,Mask2Former Swin-T,test,bbox,75,0.5,IoU,313,979,377,24.226006191950464,45.36231884057971,31.58425832492432
mask2former_swinT,Mask2Former Swin-T,test,bbox,75,0.5,S-IoU,669,623,51,51.78018575851393,92.91666666666667,66.50099403578528
mask2former_swinT,Mask2Former Swin-T,test,bbox,75,0.6,IoU,305,875,385,25.847457627118644,44.20289855072464,32.62032085561498
mask2former_swinT,Mask2Former Swin-T,test,bbox,75,0.6,S-IoU,625,555,60,52.96610169491526,91.24087591240875,67.02412868632707
mask2former_swinT,Mask2Former Swin-T,test,bbox,75,0.7,IoU,297,740,393,28.640308582449375,43.04347826086957,34.39490445859873
mask2former_swinT,Mask2Former Swin-T,test,bbox,75,0.7,S-IoU,576,461,76,55.54484088717454,88.34355828220859,68.20603907637656
mask2former_swinT,Mask2Former Swin-T,test,bbox,75,0.8,IoU,285,556,405,33.88822829964328,41.30434782608695,37.2305682560418
mask2former_swinT,Mask2Former Swin-T,test,bbox,75,0.8,S-IoU,503,338,94,59.80975029726516,84.25460636515912,69.95827538247566
mask2former_swinT,Mask2Former Swin-T,test,bbox,75,0.9,IoU,260,295,430,46.846846846846844,37.68115942028986,41.76706827309237
mask2former_swinT,Mask2Former Swin-T,test,bbox,75,0.9,S-IoU,382,173,211,68.82882882882882,64.41821247892075,66.55052264808363
mask2former_swinT,Mask2Former Swin-T,field_work,bbox,50,0.05,IoU,465,3887,1306,10.684742647058822,26.256352343308865,15.188633023027927
mask2former_swinT,Mask2Former Swin-T,field_work,bbox,50,0.05,S-IoU,1338,3014,580,30.744485294117645,69.76016684045881,42.67942583732057
mask2former_swinT,Mask2Former Swin-T,field_work,bbox,50,0.1,IoU,458,3375,1313,11.948865118705974,25.86109542631282,16.345467523197716
mask2former_swinT,Mask2Former Swin-T,field_work,bbox,50,0.1,S-IoU,1238,2595,613,32.29846073571615,66.8827660723933,43.56087262491204
mask2former_swinT,Mask2Former Swin-T,field_work,bbox,50,0.2,IoU,452,2886,1319,13.54104254044338,25.52230378317335,17.694265022509295
mask2former_swinT,Mask2Former Swin-T,field_work,bbox,50,0.2,S-IoU,1125,2213,641,33.70281605751948,63.703284258210644,44.08307210031349
mask2former_swinT,Mask2Former Swin-T,field_work,bbox,50,0.25,IoU,447,2727,1324,14.083175803402648,25.239977413890458,18.078867542972702
mask2former_swinT,Mask2Former Swin-T,field_work,bbox,50,0.25,S-IoU,1085,2089,649,34.18399495904222,62.57208765859284,44.21352893235533
mask2former_swinT,Mask2Former Swin-T,field_work,bbox,50,0.3,IoU,443,2583,1328,14.639788499669532,25.014116318464147,18.469877006462372
mask2former_swinT,Mask2Former Swin-T,field_work,bbox,50,0.3,S-IoU,1048,1978,657,34.63317911434237,61.46627565982404,44.303529909110125
mask2former_swinT,Mask2Former Swin-T,field_work,bbox,50,0.4,IoU,440,2329,1331,15.890213073311665,24.84472049689441,19.38325991189427
mask2former_swinT,Mask2Former Swin-T,field_work,bbox,50,0.4,S-IoU,984,1785,670,35.53629469122427,59.492140266021764,44.49468686411937
mask2former_swinT,Mask2Former Swin-T,field_work,bbox,50,0.5,IoU,432,2121,1339,16.92126909518214,24.392998306041786,19.98149861239593
mask2former_swinT,Mask2Former Swin-T,field_work,bbox,50,0.5,S-IoU,915,1638,686,35.84018801410106,57.15178013741412,44.05392392874338
mask2former_swinT,Mask2Former Swin-T,field_work,bbox,50,0.6,IoU,419,1866,1352,18.336980306345733,23.65894974590627,20.66074950690335
mask2former_swinT,Mask2Former Swin-T,field_work,bbox,50,0.6,S-IoU,836,1449,707,36.586433260393875,54.180168502916395,43.67816091954023
mask2former_swinT,Mask2Former Swin-T,field_work,bbox,50,0.7,IoU,399,1569,1372,20.27439024390244,22.529644268774703,21.34260497459214
mask2former_swinT,Mask2Former Swin-T,field_work,bbox,50,0.7,S-IoU,747,1221,741,37.957317073170735,50.201612903225815,43.22916666666667
mask2former_swinT,Mask2Former Swin-T,field_work,bbox,50,0.8,IoU,362,1206,1409,23.08673469387755,20.44042913608131,21.68313866427074
mask2former_swinT,Mask2Former Swin-T,field_work,bbox,50,0.8,S-IoU,604,964,837,38.52040816326531,41.91533657182512,40.146227982718514
mask2former_swinT,Mask2Former Swin-T,field_work,bbox,50,0.9,IoU,259,556,1512,31.779141104294478,14.624505928853754,20.030935808197988
mask2former_swinT,Mask2Former Swin-T,field_work,bbox,50,0.9,S-IoU,314,501,1276,38.52760736196319,19.748427672955977,26.112266112266113
mask2former_swinT,Mask2Former Swin-T,field_work,bbox,75,0.05,IoU,222,4130,1549,5.10110294117647,12.535290796160362,7.251347378735915
mask2former_swinT,Mask2Former Swin-T,field_work,bbox,75,0.05,S-IoU,693,3659,758,15.923713235294118,47.76016540317023,23.88419782870929
mask2former_swinT,Mask2Former Swin-T,field_work,bbox,75,0.1,IoU,219,3614,1552,5.713540307852857,12.365894974590628,7.815845824411135
mask2former_swinT,Mask2Former Swin-T,field_work,bbox,75,0.1,S-IoU,642,3191,796,16.749282546308375,44.645340751043115,24.35970404097894
mask2former_swinT,Mask2Former Swin-T,field_work,bbox,75,0.2,IoU,218,3120,1553,6.530856800479329,12.309429700734048,8.533959678997848
mask2former_swinT,Mask2Former Swin-T,field_work,bbox,75,0.2,S-IoU,593,2745,826,17.76512881965249,41.78999295278365,24.93167963001892
mask2former_swinT,Mask2Former Swin-T,field_work,bbox,75,0.25,IoU,215,2959,1556,6.773787019533711,12.140033879164314,8.695652173913043
mask2former_swinT,Mask2Former Swin-T,field_work,bbox,75,0.25,S-IoU,574,2600,837,18.08443604284814,40.68036853295535,25.0381679389313
mask2former_swinT,Mask2Former Swin-T,field_work,bbox,75,0.3,IoU,214,2812,1557,7.0720423000660935,12.083568605307736,8.922243068584532
mask2former_swinT,Mask2Former Swin-T,field_work,bbox,75,0.3,S-IoU,555,2471,848,18.34104428288169,39.55808980755524,25.0620907654098
mask2former_swinT,Mask2Former Swin-T,field_work,bbox,75,0.4,IoU,212,2557,1559,7.65619357168653,11.970638057594579,9.33920704845815
mask2former_swinT,Mask2Former Swin-T,field_work,bbox,75,0.4,S-IoU,524,2245,861,18.92379920548935,37.83393501805054,25.228695233509868
mask2former_swinT,Mask2Former Swin-T,field_work,bbox,75,0.5,IoU,207,2346,1564,8.108108108108109,11.688311688311687,9.574468085106384
mask2former_swinT,Mask2Former Swin-T,field_work,bbox,75,0.5,S-IoU,489,2064,880,19.153936545240892,35.71950328707085,24.93625701172871
mask2former_swinT,Mask2Former Swin-T,field_work,bbox,75,0.6,IoU,202,2083,1569,8.840262582056893,11.405985319028797,9.960552268244575
mask2former_swinT,Mask2Former Swin-T,field_work,bbox,75,0.6,S-IoU,451,1834,904,19.73741794310722,33.284132841328415,24.780219780219777
mask2former_swinT,Mask2Former Swin-T,field_work,bbox,75,0.7,IoU,195,1773,1576,9.908536585365853,11.01072840203275,10.430596416154051
mask2former_swinT,Mask2Former Swin-T,field_work,bbox,75,0.7,S-IoU,408,1560,936,20.73170731707317,30.357142857142854,24.63768115942029
mask2former_swinT,Mask2Former Swin-T,field_work,bbox,75,0.8,IoU,175,1393,1596,11.160714285714286,9.881422924901186,10.482180293501049
mask2former_swinT,Mask2Former Swin-T,field_work,bbox,75,0.8,S-IoU,342,1226,1020,21.81122448979592,25.11013215859031,23.344709897610922
mask2former_swinT,Mask2Former Swin-T,field_work,bbox,75,0.9,IoU,133,682,1638,16.319018404907975,7.5098814229249005,10.2861562258314
mask2former_swinT,Mask2Former Swin-T,field_work,bbox,75,0.9,S-IoU,182,633,1412,22.33128834355828,11.417816813048933,15.11000415110004
mask2former_cos,Mask2Former Swin-T (coseno),test,bbox,50,0.05,IoU,188,6148,502,2.967171717171717,27.246376811594203,5.351551380586393
mask2former_cos,Mask2Former Swin-T (coseno),test,bbox,50,0.05,S-IoU,4854,1482,2,76.60984848484848,99.95881383855024,86.74052894924948
mask2former_cos,Mask2Former Swin-T (coseno),test,bbox,50,0.1,IoU,177,5162,513,3.3152275707061243,25.65217391304348,5.8716205009122575
mask2former_cos,Mask2Former Swin-T (coseno),test,bbox,50,0.1,S-IoU,3998,1341,7,74.88293687956546,99.82521847690387,85.5736301369863
mask2former_cos,Mask2Former Swin-T (coseno),test,bbox,50,0.2,IoU,151,3187,539,4.5236668663870585,21.884057971014492,7.49751737835154
mask2former_cos,Mask2Former Swin-T (coseno),test,bbox,50,0.2,S-IoU,2386,952,13,71.47992810065908,99.45810754481033,83.17936203590726
mask2former_cos,Mask2Former Swin-T (coseno),test,bbox,50,0.25,IoU,142,2661,548,5.066000713521227,20.579710144927535,8.130546807901517
mask2former_cos,Mask2Former Swin-T (coseno),test,bbox,50,0.25,S-IoU,2013,790,17,71.81591152336782,99.16256157635468,83.30229671011794
mask2former_cos,Mask2Former Swin-T (coseno),test,bbox,50,0.3,IoU,132,2161,558,5.756650675970344,19.130434782608695,8.850150854844117
mask2former_cos,Mask2Former Swin-T (coseno),test,bbox,50,0.3,S-IoU,1656,637,22,72.21979938944614,98.68891537544697,83.40468395870057
mask2former_cos,Mask2Former Swin-T (coseno),test,bbox,50,0.4,IoU,113,1498,577,7.014276846679081,16.3768115942029,9.821816601477616
mask2former_cos,Mask2Former Swin-T (coseno),test,bbox,50,0.4,S-IoU,1203,408,47,74.67411545623837,96.24000000000001,84.09646976581617
mask2former_cos,Mask2Former Swin-T (coseno),test,bbox,50,0.5,IoU,94,971,596,8.826291079812206,13.623188405797102,10.712250712250713
mask2former_cos,Mask2Former Swin-T (coseno),test,bbox,50,0.5,S-IoU,818,247,69,76.8075117370892,92.22096956031567,83.81147540983606
mask2former_cos,Mask2Former Swin-T (coseno),test,bbox,50,0.6,IoU,72,554,618,11.501597444089457,10.434782608695652,10.94224924012158
mask2former_cos,Mask2Former Swin-T (coseno),test,bbox,50,0.6,S-IoU,494,132,149,78.91373801916933,76.82737169517885,77.85657998423956
mask2former_cos,Mask2Former Swin-T (coseno),test,bbox,50,0.7,IoU,43,256,647,14.381270903010032,6.231884057971015,8.695652173913043
mask2former_cos,Mask2Former Swin-T (coseno),test,bbox,50,0.7,S-IoU,241,58,302,80.60200668896321,44.38305709023941,57.24465558194775
mask2former_cos,Mask2Former Swin-T (coseno),test,bbox,50,0.8,IoU,26,66,664,28.26086956521739,3.768115942028986,6.649616368286444
mask2former_cos,Mask2Former Swin-T (coseno),test,bbox,50,0.8,S-IoU,77,15,534,83.69565217391305,12.60229132569558,21.906116642958747
mask2former_cos,Mask2Former Swin-T (coseno),test,bbox,50,0.9,IoU,6,4,684,60.0,0.8695652173913043,1.7142857142857144
mask2former_cos,Mask2Former Swin-T (coseno),test,bbox,50,0.9,S-IoU,10,0,675,100.0,1.4598540145985401,2.8776978417266186
mask2former_cos,Mask2Former Swin-T (coseno),test,bbox,75,0.05,IoU,109,6227,581,1.7203282828282829,15.797101449275363,3.102761172786792
mask2former_cos,Mask2Former Swin-T (coseno),test,bbox,75,0.05,S-IoU,3449,2887,4,54.434974747474755,99.88415870257747,70.46685054653182
mask2former_cos,Mask2Former Swin-T (coseno),test,bbox,75,0.1,IoU,104,5235,586,1.9479303240307173,15.072463768115943,3.4499917067507053
mask2former_cos,Mask2Former Swin-T (coseno),test,bbox,75,0.1,S-IoU,2762,2577,9,51.732534182431166,99.67520750631542,68.1134401972873
mask2former_cos,Mask2Former Swin-T (coseno),test,bbox,75,0.2,IoU,88,3250,602,2.636309167165968,12.753623188405797,4.369414101290963
mask2former_cos,Mask2Former Swin-T (coseno),test,bbox,75,0.2,S-IoU,1513,1825,20,45.32654284002396,98.69536855838226,62.1227673988914
mask2former_cos,Mask2Former Swin-T (coseno),test,bbox,75,0.25,IoU,80,2723,610,2.8540849090260436,11.594202898550725,4.580589750930432
mask2former_cos,Mask2Former Swin-T (coseno),test,bbox,75,0.25,S-IoU,1286,1517,26,45.87941491259365,98.01829268292683,62.503037667071695
mask2former_cos,Mask2Former Swin-T (coseno),test,bbox,75,0.3,IoU,76,2217,614,3.3144352376798953,11.014492753623188,5.095541401273886
mask2former_cos,Mask2Former Swin-T (coseno),test,bbox,75,0.3,S-IoU,1047,1246,33,45.660706498037506,96.94444444444444,62.081233323450945
mask2former_cos,Mask2Former Swin-T (coseno),test,bbox,75,0.4,IoU,64,1547,626,3.972687771570453,9.27536231884058,5.562798783137766
mask2former_cos,Mask2Former Swin-T (coseno),test,bbox,75,0.4,S-IoU,773,838,62,47.982619490999376,92.5748502994012,63.205233033524124
mask2former_cos,Mask2Former Swin-T (coseno),test,bbox,75,0.5,IoU,48,1017,642,4.507042253521127,6.956521739130435,5.47008547008547
mask2former_cos,Mask2Former Swin-T (coseno),test,bbox,75,0.5,S-IoU,537,528,86,50.42253521126761,86.19582664526484,63.625592417061604
mask2former_cos,Mask2Former Swin-T (coseno),test,bbox,75,0.6,IoU,39,587,651,6.230031948881789,5.6521739130434785,5.927051671732523
mask2former_cos,Mask2Former Swin-T (coseno),test,bbox,75,0.6,S-IoU,319,307,170,50.95846645367412,65.23517382413088,57.219730941704036
mask2former_cos,Mask2Former Swin-T (coseno),test,bbox,75,0.7,IoU,25,274,665,8.361204013377927,3.6231884057971016,5.055611729019212
mask2former_cos,Mask2Former Swin-T (coseno),test,bbox,75,0.7,S-IoU,162,137,325,54.18060200668896,33.26488706365503,41.22137404580152
mask2former_cos,Mask2Former Swin-T (coseno),test,bbox,75,0.8,IoU,17,75,673,18.478260869565215,2.4637681159420293,4.347826086956522
mask2former_cos,Mask2Former Swin-T (coseno),test,bbox,75,0.8,S-IoU,56,36,547,60.86956521739131,9.286898839137644,16.115107913669064
mask2former_cos,Mask2Former Swin-T (coseno),test,bbox,75,0.9,IoU,5,5,685,50.0,0.7246376811594203,1.4285714285714286
mask2former_cos,Mask2Former Swin-T (coseno),test,bbox,75,0.9,S-IoU,10,0,676,100.0,1.4577259475218658,2.8735632183908044
