experiment,split,total_gt_shrubs,agreement_histogram,per_expert_solo_recall
juniperus_btm_heterogeneous_20260824_091248,test,690,"{""0"": 36, ""1"": 51, ""2"": 57, ""3"": 546}","{""E1_scale"": 0.8782608695652174, ""E2_illum"": 0.8739130434782608, ""E3_geom"": 0.8608695652173913}"
juniperus_btm_heterogeneous_20260824_091248,field_work,1771,"{""0"": 441, ""1"": 172, ""2"": 196, ""3"": 962}","{""E1_scale"": 0.6448334274421231, ""E2_illum"": 0.6453980801806889, ""E3_geom"": 0.6578204404291361}"
juniperus_btm_homogeneous_20260824_103026,test,690,"{""0"": 48, ""1"": 41, ""2"": 58, ""3"": 543}","{""E1_scale"": 0.8782608695652174, ""E2_illum"": 0.8826086956521739, ""E3_geom"": 0.827536231884058}"
juniperus_btm_homogeneous_20260824_103026,field_work,1771,"{""0"": 468, ""1"": 149, ""2"": 179, ""3"": 975}","{""E1_scale"": 0.6448334274421231, ""E2_illum"": 0.6459627329192547, ""E3_geom"": 0.6470920383963862}"
juniperus_seg_by_region_20260828_114011,test,690,"{""0"": 52, ""1"": 86, ""2"": 552, ""3"": 0}","{""E_region0"": 0.9028985507246376, ""E_region1"": 0.8217391304347826}"
juniperus_seg_by_region_20260828_114011,field_work,1771,"{""0"": 542, ""1"": 354, ""2"": 875, ""3"": 0}","{""E_region0"": 0.6747600225861096, ""E_region1"": 0.5132693393562959}"
juniperus_seg_by_region_20260831_073029,test,690,"{""0"": 52, ""1"": 83, ""2"": 555, ""3"": 0}","{""E_region0"": 0.9057971014492754, ""E_region1"": 0.8231884057971014}"
juniperus_seg_by_region_20260831_073029,field_work,1771,"{""0"": 532, ""1"": 386, ""2"": 853, ""3"": 0}","{""E_region0"": 0.67871259175607, ""E_region1"": 0.502540937323546}"
juniperus_seg_by_size_20260828_072323,test,690,"{""0"": 52, ""1"": 23, ""2"": 28, ""3"": 587}","{""E_small"": 0.8753623188405797, ""E_medium"": 0.9, ""E_large"": 0.8913043478260869}"
juniperus_seg_by_size_20260828_072323,field_work,1771,"{""0"": 489, ""1"": 110, ""2"": 153, ""3"": 1019}","{""E_small"": 0.6380575945793338, ""E_medium"": 0.6538678712591756, ""E_large"": 0.6691134952004517}"
juniperus_seg_by_size_20260828_151237,test,690,"{""0"": 52, ""1"": 23, ""2"": 28, ""3"": 587}","{""E_small"": 0.8753623188405797, ""E_medium"": 0.9, ""E_large"": 0.8913043478260869}"
juniperus_seg_by_size_20260828_151237,field_work,1771,"{""0"": 489, ""1"": 110, ""2"": 153, ""3"": 1019}","{""E_small"": 0.6380575945793338, ""E_medium"": 0.6538678712591756, ""E_large"": 0.6691134952004517}"
juniperus_seg_by_size_20260828_175314,test,690,"{""0"": 52, ""1"": 23, ""2"": 28, ""3"": 587}","{""E_small"": 0.8753623188405797, ""E_medium"": 0.9, ""E_large"": 0.8913043478260869}"
juniperus_seg_by_size_20260828_175314,field_work,1771,"{""0"": 489, ""1"": 110, ""2"": 153, ""3"": 1019}","{""E_small"": 0.6380575945793338, ""E_medium"": 0.6538678712591756, ""E_large"": 0.6691134952004517}"
juniperus_seg_by_size_20260828_180050,test,690,"{""0"": 52, ""1"": 23, ""2"": 28, ""3"": 587}","{""E_small"": 0.8753623188405797, ""E_medium"": 0.9, ""E_large"": 0.8913043478260869}"
juniperus_seg_by_size_20260828_180050,field_work,1771,"{""0"": 489, ""1"": 110, ""2"": 153, ""3"": 1019}","{""E_small"": 0.6380575945793338, ""E_medium"": 0.6538678712591756, ""E_large"": 0.6691134952004517}"
juniperus_seg_by_size_20260828_223540,test,690,"{""0"": 52, ""1"": 23, ""2"": 28, ""3"": 587}","{""E_small"": 0.8753623188405797, ""E_medium"": 0.9, ""E_large"": 0.8913043478260869}"
juniperus_seg_by_size_20260828_223540,field_work,1771,"{""0"": 489, ""1"": 110, ""2"": 153, ""3"": 1019}","{""E_small"": 0.6380575945793338, ""E_medium"": 0.6538678712591756, ""E_large"": 0.6691134952004517}"
juniperus_seg_by_size_20260829_002259,test,690,"{""0"": 52, ""1"": 23, ""2"": 28, ""3"": 587}","{""E_small"": 0.8753623188405797, ""E_medium"": 0.9, ""E_large"": 0.8913043478260869}"
juniperus_seg_by_size_20260829_002259,field_work,1771,"{""0"": 489, ""1"": 110, ""2"": 153, ""3"": 1019}","{""E_small"": 0.6380575945793338, ""E_medium"": 0.6538678712591756, ""E_large"": 0.6691134952004517}"
juniperus_seg_by_size_20260830_163740,test,690,"{""0"": 24, ""1"": 262, ""2"": 385, ""3"": 19}","{""E_small"": 0.2492753623188406, ""E_medium"": 0.7710144927536232, ""E_large"": 0.5579710144927537}"
juniperus_seg_by_size_20260830_163740,field_work,1771,"{""0"": 684, ""1"": 891, ""2"": 196, ""3"": 0}","{""E_small"": 0.1281761716544325, ""E_medium"": 0.37888198757763975, ""E_large"": 0.21739130434782608}"
juniperus_seg_by_size_20260830_164608,test,690,"{""0"": 97, ""1"": 494, ""2"": 99, ""3"": 0}","{""E_small"": 0.1826086956521739, ""E_medium"": 0.3681159420289855, ""E_large"": 0.45217391304347826}"
juniperus_seg_by_size_20260830_164608,field_work,1771,"{""0"": 739, ""1"": 870, ""2"": 162, ""3"": 0}","{""E_small"": 0.1789949181253529, ""E_medium"": 0.24392998306041785, ""E_large"": 0.251270468661773}"
juniperus_seg_by_size_20260830_202803,test,690,"{""0"": 90, ""1"": 470, ""2"": 130, ""3"": 0}","{""E_small"": 0.10869565217391304, ""E_medium"": 0.5, ""E_large"": 0.4492753623188406}"
juniperus_seg_by_size_20260830_202803,field_work,1771,"{""0"": 683, ""1"": 913, ""2"": 175, ""3"": 0}","{""E_small"": 0.13043478260869565, ""E_medium"": 0.3495200451722191, ""E_large"": 0.233201581027668}"
juniperus_seg_by_size_20260830_221329,test,690,"{""0"": 69, ""1"": 471, ""2"": 150, ""3"": 0}","{""E_small"": 0.1956521739130435, ""E_medium"": 0.44782608695652176, ""E_large"": 0.47391304347826085}"
juniperus_seg_by_size_20260830_221329,field_work,1771,"{""0"": 615, ""1"": 888, ""2"": 268, ""3"": 0}","{""E_small"": 0.1852060982495765, ""E_medium"": 0.3201581027667984, ""E_large"": 0.2987012987012987}"
seg_smoke_test_by_region,test,690,"{""0"": 690, ""1"": 0, ""2"": 0, ""3"": 0}","{""E_region0"": 0.0, ""E_region1"": 0.0}"
seg_smoke_test_by_region,field_work,1771,"{""0"": 1771, ""1"": 0, ""2"": 0, ""3"": 0}","{""E_region0"": 0.0, ""E_region1"": 0.0}"
seg_smoke_test_by_size,test,690,"{""0"": 689, ""1"": 1, ""2"": 0, ""3"": 0}","{""E_small"": 0.0, ""E_medium"": 0.0014492753623188406, ""E_large"": 0.0}"
seg_smoke_test_by_size,field_work,1771,"{""0"": 1771, ""1"": 0, ""2"": 0, ""3"": 0}","{""E_small"": 0.0, ""E_medium"": 0.0, ""E_large"": 0.0}"
smoke_test_heterogeneous,test,690,"{""0"": 664, ""1"": 26, ""2"": 0, ""3"": 0}","{""E1_scale"": 0.0, ""E2_illum"": 0.0, ""E3_geom"": 0.03768115942028986}"
smoke_test_heterogeneous,field_work,1771,"{""0"": 1732, ""1"": 39, ""2"": 0, ""3"": 0}","{""E1_scale"": 0.0, ""E2_illum"": 0.0, ""E3_geom"": 0.0220214568040655}"
juniperus_seg_heterogeneous_20260905_111758,field_work,1771,"{""0"": 485, ""1"": 174, ""2"": 293, ""3"": 819}","{""E1_scale"": 0.49407114624505927, ""E2_illum"": 0.6612083568605308, ""E3_geom"": 0.6612083568605308}"
juniperus_seg_heterogeneous_20260905_111758,test,690,"{""0"": 42, ""1"": 36, ""2"": 77, ""3"": 535}","{""E1_scale"": 0.8014492753623188, ""E2_illum"": 0.8956521739130435, ""E3_geom"": 0.9043478260869565}"
juniperus_seg_homogeneous_20260905_105741,field_work,1771,"{""0"": 422, ""1"": 184, ""2"": 329, ""3"": 836}","{""E1_scale"": 0.49407114624505927, ""E2_illum"": 0.6939582156973462, ""E3_geom"": 0.7035573122529645}"
juniperus_seg_homogeneous_20260905_105741,test,690,"{""0"": 36, ""1"": 49, ""2"": 75, ""3"": 530}","{""E1_scale"": 0.8014492753623188, ""E2_illum"": 0.8869565217391304, ""E3_geom"": 0.9043478260869565}"
